/*
SQLyog Ultimate v13.1.1 (64 bit)
MySQL - 8.0.15 : Database - base_mall
*********************************************************************
*/

/*!40101 SET NAMES utf8 */;

/*!40101 SET SQL_MODE=''*/;

/*!40014 SET @OLD_UNIQUE_CHECKS=@@UNIQUE_CHECKS, UNIQUE_CHECKS=0 */;
/*!40014 SET @OLD_FOREIGN_KEY_CHECKS=@@FOREIGN_KEY_CHECKS, FOREIGN_KEY_CHECKS=0 */;
/*!40101 SET @OLD_SQL_MODE=@@SQL_MODE, SQL_MODE='NO_AUTO_VALUE_ON_ZERO' */;
/*!40111 SET @OLD_SQL_NOTES=@@SQL_NOTES, SQL_NOTES=0 */;
CREATE DATABASE /*!32312 IF NOT EXISTS*/`base_mall` /*!40100 DEFAULT CHARACTER SET utf8mb4 COLLATE utf8mb4_0900_ai_ci */;

USE `base_mall`;

/*Table structure for table `goods_appraises` */

DROP TABLE IF EXISTS `goods_appraises`;

CREATE TABLE `goods_appraises` (
  `id` varchar(32) CHARACTER SET utf8mb4 COLLATE utf8mb4_0900_ai_ci NOT NULL COMMENT 'PK',
  `tenant_id` varchar(32) CHARACTER SET utf8mb4 COLLATE utf8mb4_0900_ai_ci NOT NULL COMMENT '所属租户',
  `create_time` datetime NOT NULL DEFAULT CURRENT_TIMESTAMP COMMENT '创建时间',
  `update_time` timestamp NOT NULL DEFAULT CURRENT_TIMESTAMP ON UPDATE CURRENT_TIMESTAMP COMMENT '最后更新时间',
  `del_flag` char(2) CHARACTER SET utf8mb4 COLLATE utf8mb4_0900_ai_ci NOT NULL DEFAULT '0' COMMENT '逻辑删除标记（0：显示；1：隐藏）',
  `order_id` varchar(32) DEFAULT NULL COMMENT '订单ID',
  `order_item_id` varchar(32) DEFAULT NULL COMMENT '订单详情ID',
  `user_id` varchar(32) CHARACTER SET utf8mb4 COLLATE utf8mb4_0900_ai_ci DEFAULT NULL COMMENT '用户编号',
  `nick_name` varchar(200) DEFAULT NULL COMMENT '用户昵称',
  `headimg_url` varchar(1000) DEFAULT NULL COMMENT '用户头像',
  `spu_id` varchar(32) DEFAULT NULL COMMENT '商品Id',
  `sku_id` varchar(32) DEFAULT NULL COMMENT 'sku_id',
  `pic_urls` varchar(1024) CHARACTER SET utf8mb4 COLLATE utf8mb4_0900_ai_ci DEFAULT NULL COMMENT '图片',
  `spec_info` varchar(500) DEFAULT NULL COMMENT '规格信息',
  `goods_score` smallint(6) DEFAULT NULL COMMENT '商品评分',
  `service_score` smallint(6) DEFAULT NULL COMMENT '服务评分',
  `logistics_score` smallint(6) DEFAULT NULL COMMENT '物流评分',
  `content` varchar(500) DEFAULT NULL COMMENT '评论内容',
  `seller_reply` varchar(500) DEFAULT NULL COMMENT '卖家回复',
  `reply_time` datetime DEFAULT NULL COMMENT '回复时间',
  PRIMARY KEY (`id`) USING BTREE,
  KEY `ids_tenant_id` (`tenant_id`) USING BTREE
) ENGINE=InnoDB DEFAULT CHARSET=utf8mb4 COLLATE=utf8mb4_0900_ai_ci ROW_FORMAT=DYNAMIC COMMENT='商品评价表';

/*Data for the table `goods_appraises` */

insert  into `goods_appraises`(`id`,`tenant_id`,`create_time`,`update_time`,`del_flag`,`order_id`,`order_item_id`,`user_id`,`nick_name`,`headimg_url`,`spu_id`,`sku_id`,`pic_urls`,`spec_info`,`goods_score`,`service_score`,`logistics_score`,`content`,`seller_reply`,`reply_time`) values 
('013090a5c1c42f11e8b427474019b9a0','1','2019-09-24 14:30:58','2019-09-24 15:35:30','0','876b7d66fef43fafb91df56570ac5191','788513a689a88ebd78c297574d4a2c26','db2355c836d46016e7b2eb41146291ee','undefined?','https://wx.qlogo.cn/mmopen/vi_32/Q0j4TwGTfTJjjQuibXQqVVhEdrm7WbCHbcERL7m4LYLY1DgPAHsmc3NIiajXzacRP9GMmfcBIHDmbWjyIde3Unew/132','6545a6fc2927edc195b93982f446917c','5002eafdeca30f4c590b3288de5fa217',NULL,'128G，4G全网通，亮黑色',4,4,5,'顶下促膝长谈和手遥的顶下促膝长谈和手遥的顶下促膝长谈和手遥的顶下促膝长谈和手遥的顶下促膝长谈和手遥的顶下促膝长谈和手遥的顶下促膝长谈和手遥的顶下促膝长谈和手遥的顶下促膝长谈和手遥的顶下促膝长谈和手遥的顶下促膝长谈和手遥的顶下促膝长谈和手遥的','sdgasdgas夺 有扔有仍脸授信佣兵谣?额我热有','2019-09-25 11:50:50'),
('0ccd8cdfae9d554c895cb2c8b90c4606','1','2019-09-26 22:54:21','2019-09-26 22:54:21','0','6abfaf58a35a58807d1acaf96e321c18','b350cb7a1b81567401d91b46d7f5e46d','478d05c0ceb1bb61dcb4f658d7700511','安安晨晨','https://wx.qlogo.cn/mmopen/vi_32/AwUmcUqcSemYAA1x0yAmvjtBIEh4GgxcrgwTGAQDAqRS7nmcia9OtOK8Q4onSubDYkqiazz8aUVuXcB16DTna7oQ/132','1b46c10d275262533b352329cc6d3af0','5a0a1c24928af80a732cd179faac2d58',NULL,'官方标配，欧若拉银',5,5,5,'这冰箱好冰呀，箱子也蛮大。不错不错，看着就能发财','感谢您的支持，您的支持是我们卖产品的动力，有你在的每一天我都觉得自己如花季少女般的闪亮耀眼，如果有一天我发现我老了，产品卖不动了，那肯定你已经离我而去，爱你如初恋，我的客户，祝您发大财，发了财再来买冰箱','2019-09-26 11:08:55'),
('2aec076e1df5dc445aa99113212df5da','1','2019-09-26 23:25:30','2019-09-26 23:25:30','0','e9497016faa3b937590e814ad0f9cf34','ebe33583232de06302c252cd5852d34d','478d05c0ceb1bb61dcb4f658d7700511','安安晨晨','https://wx.qlogo.cn/mmopen/vi_32/AwUmcUqcSemYAA1x0yAmvjtBIEh4GgxcrgwTGAQDAqRS7nmcia9OtOK8Q4onSubDYkqiazz8aUVuXcB16DTna7oQ/132','ff39bc8f64b1d9b524b28c6000af8191','55a7d46eb9893cab480c70378d4dcefa',NULL,NULL,4,4,4,'为了追你，姑娘我一天一台冰箱，只为了每天见到你，你愿意和我一起卖冰箱吗，以后冷藏是你，冰冻也是你','只要负了钱，我都是你的','2019-09-26 11:36:39'),
('2ff679c066a9c51cdcf324a4d1dd00a3','1','2019-09-26 14:53:53','2019-09-26 14:53:53','0','2db258cd6704269cda038772b525e2df','d4bf104d03dbc1b6e51e137dbcd8add0','478d05c0ceb1bb61dcb4f658d7700511','安安晨晨','https://wx.qlogo.cn/mmopen/vi_32/AwUmcUqcSemYAA1x0yAmvjtBIEh4GgxcrgwTGAQDAqRS7nmcia9OtOK8Q4onSubDYkqiazz8aUVuXcB16DTna7oQ/132','ff39bc8f64b1d9b524b28c6000af8191','55a7d46eb9893cab480c70378d4dcefa',NULL,NULL,5,5,5,'送货上门的，物流很快，搬起来很小心，没有损坏，冰箱挺好看的，尺寸跟我们家刚刚好，高大上，喜欢','为您服务是小的荣幸，这个尺寸就是为您量身打造的，感谢您的肯定，爱你么么哒','2019-09-26 11:27:03'),
('3b6288c6b9497c1569c1f722927cb773','1','2019-09-24 12:19:25','2019-09-25 22:50:22','0','ec8f3afc835ce71d213e77b28eda389f','8ff7d1557ca8bdfbd1fe73374be563e3','db2355c836d46016e7b2eb41146291ee',NULL,NULL,'43768c89b11316e1edf56c2fd56f7751','f3273ea5922fcdbf67c03eac71f28900',NULL,'官方标配',3,4,5,'sg本人人复合肥特容易爱你的有脸','sdgds酥松有签名用我答 ag???????','2019-09-25 22:50:19'),
('62b375cf6c9106a22a177b06bd7a8182','1','2019-09-26 23:23:01','2019-09-26 23:23:01','0','5d8ae3ab3f93cbf2d58af7afa32a8833','04b396c51aadbe88823ccf50870f2176','478d05c0ceb1bb61dcb4f658d7700511','安安晨晨','https://wx.qlogo.cn/mmopen/vi_32/AwUmcUqcSemYAA1x0yAmvjtBIEh4GgxcrgwTGAQDAqRS7nmcia9OtOK8Q4onSubDYkqiazz8aUVuXcB16DTna7oQ/132','ff39bc8f64b1d9b524b28c6000af8191','55a7d46eb9893cab480c70378d4dcefa',NULL,NULL,5,5,5,'那个姑娘很喜欢你，买了冰箱麻烦帅哥送货上门',NULL,NULL),
('696bcd4b729bc1f2e9235b71e603e7b8','1','2019-09-26 15:02:08','2019-09-26 15:02:08','0','4a56db8916471bc20cab4aad67049134','ef8a7e4633d821e0086e38b8d562c559','478d05c0ceb1bb61dcb4f658d7700511','安安晨晨','https://wx.qlogo.cn/mmopen/vi_32/AwUmcUqcSemYAA1x0yAmvjtBIEh4GgxcrgwTGAQDAqRS7nmcia9OtOK8Q4onSubDYkqiazz8aUVuXcB16DTna7oQ/132','ff39bc8f64b1d9b524b28c6000af8191','55a7d46eb9893cab480c70378d4dcefa',NULL,NULL,4,5,4,'收到很惊喜哦，颜色很漂亮，里面空间大','您的评价也同样让我惊喜哦','2019-09-26 11:25:52'),
('6cc3b667b6aba83079e666a4c7e00df9','1','2019-09-27 16:24:49','2019-09-27 16:24:49','0','c46b00a554a130e32181703d96fe3bac','22c6604298a9c165a82360753fd52a05','478d05c0ceb1bb61dcb4f658d7700511','安安晨晨','https://wx.qlogo.cn/mmopen/vi_32/AwUmcUqcSemYAA1x0yAmvjtBIEh4GgxcrgwTGAQDAqRS7nmcia9OtOK8Q4onSubDYkqiazz8aUVuXcB16DTna7oQ/132','ff3d6dd5a37ff42e2b67b87bd12d1d01','2467663a7b6432b726d5205088445559',NULL,'星光金',5,5,5,'一看就知道高端大气有逼格，与众不同的你配与众不同的我，我的冰箱我做主，爱你么么哒? ',NULL,NULL),
('6fa6acda4fcbb6d4b3a77921713863d0','1','2019-11-11 23:38:32','2019-11-11 23:38:32','0','9da85ae06bd72bc02d7287b08ae15f14','1ee6b0e818223ba91bd5c09184ac6777','db2355c836d46016e7b2eb41146291ee','undefined?','https://wx.qlogo.cn/mmopen/vi_32/Q0j4TwGTfTJjjQuibXQqVVhEdrm7WbCHbcERL7m4LYLY1DgPAHsmc3NIiajXzacRP9GMmfcBIHDmbWjyIde3Unew/132','4d06c5157cce971b89166e509cdf63e8','894b591741d425ca9c1b1579ce299a5b',NULL,'裸机',5,4,5,NULL,NULL,NULL),
('94ea7c75f3dc48549fca02ef4dc18576','1','2019-09-26 22:29:19','2019-09-26 22:29:19','0','53ccf04b952e1980342bf1778e5b998a','b19dcde4a09eefaf5dfe3a4609d5e284','478d05c0ceb1bb61dcb4f658d7700511','安安晨晨','https://wx.qlogo.cn/mmopen/vi_32/AwUmcUqcSemYAA1x0yAmvjtBIEh4GgxcrgwTGAQDAqRS7nmcia9OtOK8Q4onSubDYkqiazz8aUVuXcB16DTna7oQ/132','ff39bc8f64b1d9b524b28c6000af8191','55a7d46eb9893cab480c70378d4dcefa',NULL,NULL,5,5,5,'空间大，声音小，还不','还不咋地啦，冰箱不冰了？空气不新鲜了？保鲜不持久了？','2019-09-26 11:12:53'),
('b3f5346cdbec183fa66d7c1a17822193','1','2019-09-24 12:14:14','2019-09-24 12:15:03','0','237342b610874be926fe1820e8b392dd','66e3ffe108bb3496188a79b1cf0ed552','db2355c836d46016e7b2eb41146291ee',NULL,NULL,'6545a6fc2927edc195b93982f446917c','5002eafdeca30f4c590b3288de5fa217',NULL,'128G，4G全网通，亮黑色',2,3,5,NULL,'d d d d ','2019-09-25 11:58:23'),
('c454a8cd496dbc9f267c9862665954c1','1','2019-09-26 23:27:35','2019-09-26 23:27:35','0','66c5b8ee5fc03ded38110f49c9c064fd','20e75d5d7e3f511120147bd36eaa4edb','478d05c0ceb1bb61dcb4f658d7700511','安安晨晨','https://wx.qlogo.cn/mmopen/vi_32/AwUmcUqcSemYAA1x0yAmvjtBIEh4GgxcrgwTGAQDAqRS7nmcia9OtOK8Q4onSubDYkqiazz8aUVuXcB16DTna7oQ/132','ff39bc8f64b1d9b524b28c6000af8191','55a7d46eb9893cab480c70378d4dcefa',NULL,NULL,5,5,5,'有一台冰箱让我一见钟情说的就是你，你愿意跟我回家吗','我愿意我愿意我愿意','2019-09-26 11:36:14'),
('c4a6513b3bc6b107ce9440549e7a7460','1','2019-09-26 22:36:49','2019-09-26 22:36:49','0','5f1e9a65663da6450e73d623152ac806','49543b3455c55e69f7a51a9259e97f31','478d05c0ceb1bb61dcb4f658d7700511','安安晨晨','https://wx.qlogo.cn/mmopen/vi_32/AwUmcUqcSemYAA1x0yAmvjtBIEh4GgxcrgwTGAQDAqRS7nmcia9OtOK8Q4onSubDYkqiazz8aUVuXcB16DTna7oQ/132','ff39bc8f64b1d9b524b28c6000af8191','55a7d46eb9893cab480c70378d4dcefa',NULL,NULL,4,4,5,'曾经有一份真挚的爱情摆在我面前。我没有珍惜，如果重来一次。我会对她说一句，爱你一万年。','曾经的你是真正善良美丽的你，那时候你只在我家买冰箱，后来你遇见了这样那样更低的价格，被他们吸引住了，但是我依然是我，是那个爱你如初的我，我相信你会发现我的好，我们家的冰箱肯定是最适合你的，我也爱你一万年','2019-09-26 11:11:26'),
('c762e1b03c759397cc17916da8f70620','1','2019-09-24 12:19:25','2019-09-24 12:19:25','0','ec8f3afc835ce71d213e77b28eda389f','e867a279af2cfe8c3e8169dd8daf4eaf','db2355c836d46016e7b2eb41146291ee',NULL,NULL,'6545a6fc2927edc195b93982f446917c','5002eafdeca30f4c590b3288de5fa217',NULL,'128G，4G全网通，亮黑色',5,4,5,NULL,'楕仍成都理工噶山豆根苛副作用丁苯三茶杯犬维特企业夏雨来','2019-09-25 10:54:05'),
('e7be4c2e818e00f23b6f9b1d996cd27c','1','2019-09-27 16:17:38','2019-09-27 16:17:38','0','6899afc86eac357fd8671f6ce5175c25','2483285ff19803729d49eee7e056a511','478d05c0ceb1bb61dcb4f658d7700511','安安晨晨','https://wx.qlogo.cn/mmopen/vi_32/AwUmcUqcSemYAA1x0yAmvjtBIEh4GgxcrgwTGAQDAqRS7nmcia9OtOK8Q4onSubDYkqiazz8aUVuXcB16DTna7oQ/132','1b46c10d275262533b352329cc6d3af0','5a0a1c24928af80a732cd179faac2d58',NULL,'官方标配，欧若拉银',4,4,5,'你呀你。改怎么说你好呢，太早来到我身边，以至于我把你遗忘了几天，只怪物流太给力，只怪你太想来我家，以后我给你供电，你帮我冷藏',NULL,NULL),
('e918db3418a9302e4e3ce6e761eb9a29','1','2019-09-27 16:20:50','2019-09-27 16:20:50','0','bea0b0bacc1905c24b16550d809e7ddb','cf8e6ba07e940d7deced1ec27c1d3c35','478d05c0ceb1bb61dcb4f658d7700511','安安晨晨','https://wx.qlogo.cn/mmopen/vi_32/AwUmcUqcSemYAA1x0yAmvjtBIEh4GgxcrgwTGAQDAqRS7nmcia9OtOK8Q4onSubDYkqiazz8aUVuXcB16DTna7oQ/132','43768c89b11316e1edf56c2fd56f7751','f3273ea5922fcdbf67c03eac71f28900',NULL,'官方标配',5,5,5,'真喜欢你呀，以后我负责美，你负责拍，不着急，我们慢慢来，现在你镜头里只有我一个人，以后将会会两个人，三个人，一家人，我的幸福生活在你眼里也在你心里，合作愉快小可爱',NULL,NULL),
('ec5666ee6d1ece031d88303891e2fe5e','1','2019-11-11 23:38:32','2019-11-11 23:38:32','0','9da85ae06bd72bc02d7287b08ae15f14','f6f291e26d443d611994d8f58ee3e659','db2355c836d46016e7b2eb41146291ee','undefined?','https://wx.qlogo.cn/mmopen/vi_32/Q0j4TwGTfTJjjQuibXQqVVhEdrm7WbCHbcERL7m4LYLY1DgPAHsmc3NIiajXzacRP9GMmfcBIHDmbWjyIde3Unew/132','ff39bc8f64b1d9b524b28c6000af8191','55a7d46eb9893cab480c70378d4dcefa',NULL,NULL,4,4,4,NULL,NULL,NULL),
('eedab35b451f4ce70c83994b662e35de','1','2019-09-27 17:04:18','2019-09-27 17:04:18','0','347167130f8d0c96bec85e385beaccfc','6e513ee250f71892f58a0ad1e5ffc465','478d05c0ceb1bb61dcb4f658d7700511','安安晨晨','https://wx.qlogo.cn/mmopen/vi_32/AwUmcUqcSemYAA1x0yAmvjtBIEh4GgxcrgwTGAQDAqRS7nmcia9OtOK8Q4onSubDYkqiazz8aUVuXcB16DTna7oQ/132','4d06c5157cce971b89166e509cdf63e8','84d7a885ce5ef3d692d92c6a81dd9f45',NULL,NULL,5,5,5,'Joolun微信快速开发框架， 拥有单独的商城模块，方便拆分拓展。专业商品规格sku算法，前后端直观展示。订单、物流实时跟踪、商品各类管理、用户订单评价、购物车、收货地址、用户收藏等等基本商城功能全包含。后期会不断新增功能和模块',NULL,NULL),
('fdd70b4a7910e996102830d7ae88a91a','1','2019-11-11 23:20:17','2019-11-11 23:20:17','0','14144c785656ca143fb21c413570cf44','6666f2868b8c922a6aa8ac408646fc24','db2355c836d46016e7b2eb41146291ee','undefined?','https://wx.qlogo.cn/mmopen/vi_32/Q0j4TwGTfTJjjQuibXQqVVhEdrm7WbCHbcERL7m4LYLY1DgPAHsmc3NIiajXzacRP9GMmfcBIHDmbWjyIde3Unew/132','4d06c5157cce971b89166e509cdf63e8','894b591741d425ca9c1b1579ce299a5b',NULL,'裸机',5,4,5,NULL,'weg酉人自然人签名欠','2019-11-11 11:21:31');

/*Table structure for table `goods_category` */

DROP TABLE IF EXISTS `goods_category`;

CREATE TABLE `goods_category` (
  `id` varchar(32) CHARACTER SET utf8mb4 COLLATE utf8mb4_0900_ai_ci NOT NULL COMMENT 'PK',
  `tenant_id` varchar(32) CHARACTER SET utf8mb4 COLLATE utf8mb4_0900_ai_ci NOT NULL COMMENT '所属租户',
  `parent_id` varchar(32) CHARACTER SET utf8mb4 COLLATE utf8mb4_0900_ai_ci DEFAULT NULL COMMENT '父分类编号',
  `name` varchar(16) CHARACTER SET utf8mb4 COLLATE utf8mb4_0900_ai_ci DEFAULT NULL COMMENT '名称',
  `description` varchar(255) CHARACTER SET utf8mb4 COLLATE utf8mb4_0900_ai_ci DEFAULT NULL COMMENT '描述',
  `pic_url` varchar(255) CHARACTER SET utf8mb4 COLLATE utf8mb4_0900_ai_ci DEFAULT NULL COMMENT '图片',
  `sort` smallint(4) DEFAULT NULL COMMENT '排序',
  `create_time` datetime DEFAULT CURRENT_TIMESTAMP COMMENT '创建时间',
  `update_time` datetime DEFAULT CURRENT_TIMESTAMP ON UPDATE CURRENT_TIMESTAMP COMMENT '最后更新时间',
  `del_flag` char(2) CHARACTER SET utf8mb4 COLLATE utf8mb4_0900_ai_ci DEFAULT '0' COMMENT '逻辑删除标记（0：显示；1：隐藏）',
  PRIMARY KEY (`id`) USING BTREE,
  KEY `ids_tenant_id` (`tenant_id`) USING BTREE
) ENGINE=InnoDB DEFAULT CHARSET=utf8mb4 COLLATE=utf8mb4_0900_ai_ci ROW_FORMAT=DYNAMIC COMMENT='分类表';

/*Data for the table `goods_category` */

insert  into `goods_category`(`id`,`tenant_id`,`parent_id`,`name`,`description`,`pic_url`,`sort`,`create_time`,`update_time`,`del_flag`) values 
('07c4d5a53332888c5a59e81ebcff1933','1','0','生活电器','','http://joolun-base-test.oss-cn-zhangjiakou.aliyuncs.com/%E5%AE%B6%E7%94%A8%E7%94%B5%E5%99%A8.png',6,'2019-09-27 14:24:40','2019-09-27 14:24:40','0'),
('0e2d6c17203e3d46ee5a1d0ca1eec715','1','31e2b38f810a89159411e43160afd0f9','数码相机','','http://joolun-base-test.oss-cn-zhangjiakou.aliyuncs.com/%E6%95%B0%E7%A0%81%E7%9B%B8%E6%9C%BA.jpg',0,'2019-09-27 14:47:34','2019-09-27 14:47:34','0'),
('0f2aa8354eedb3b652b45e90efb54e27','1','9bb404548cc6513c1c148b532b6db720','苹果','','http://joolun-base-test.oss-cn-zhangjiakou.aliyuncs.com/%E8%8B%B9%E6%9E%9C.jpg',4,'2019-08-24 22:19:16','2019-08-24 22:19:16','0'),
('1e26b32eda4e4d73d5b8ce21926f4a48','1','9bb404548cc6513c1c148b532b6db720','三星','','http://joolun-base-test.oss-cn-zhangjiakou.aliyuncs.com/%E4%B8%89%E6%98%9F.png',6,'2019-08-24 22:19:43','2019-08-24 22:19:43','0'),
('1f09f987669ae343342f1ef9a3fe6cd0','1','f19e67b9a7863b37485f7f3cbec53fcf','耳麦','','http://joolun-base-test.oss-cn-zhangjiakou.aliyuncs.com/%E8%80%B3%E6%9C%BA%E8%80%B3%E9%BA%A6.jpg',0,'2019-09-27 14:48:40','2019-09-27 14:48:40','0'),
('2239dfa1128dd7c88066040dc7dfa44a','1','d5a7b863c2759241ac571f5bc1b6239d','生活电池','','http://joolun-base-test.oss-cn-zhangjiakou.aliyuncs.com/%E7%94%B5%E6%B1%A0.jpg',0,'2019-09-27 14:47:56','2019-09-27 14:47:56','0'),
('2a5e644f2722dac1e677a61394eae980','1','07c4d5a53332888c5a59e81ebcff1933','吹风机','','http://joolun-base-test.oss-cn-zhangjiakou.aliyuncs.com/%E5%90%B9%E9%A3%8E%E6%9C%BA.jpg',0,'2019-09-27 14:45:27','2019-09-27 14:45:27','0'),
('2e950da001186a809674e3d4a935b5c5','1','9bb404548cc6513c1c148b532b6db720','OPPO','','http://joolun-base-test.oss-cn-zhangjiakou.aliyuncs.com/oppo.png',5,'2019-08-24 22:19:28','2019-08-24 22:19:28','0'),
('2f3ea9d7a46a40325fa6f713ac0a1d17','1','cfda0b45b229fa9f77c02464c9c694f0','机械键盘','','http://joolun-base-test.oss-cn-zhangjiakou.aliyuncs.com/TB2VsugXGZPyuJjSspmXXX2IXXa_!!2510050218_gaitubao_.jpg',0,'2019-09-27 15:10:41','2019-09-27 15:10:41','0'),
('31e2b38f810a89159411e43160afd0f9','1','0','单反相机','','http://joolun-base-test.oss-cn-zhangjiakou.aliyuncs.com/%E5%8D%95%E5%8F%8D%E7%9B%B8%E6%9C%BA.png',8,'2019-09-27 14:21:32','2019-09-27 14:21:32','0'),
('356ea44470f5ffff46f395256438c275','1','a31ddf2eb997d61bdb70375ffd364153','平板贴膜','','http://joolun-base-test.oss-cn-zhangjiakou.aliyuncs.com/%E5%B9%B3%E6%9D%BF%E8%B4%B4%E8%86%9C.jpg',11,'2019-08-23 23:13:20','2019-08-23 23:13:20','0'),
('37cb876ae742945fea974ab0e281ae7f','1','cff988e342a4ed77ae64f0c9032159f5','扫地机器人','','http://joolun-base-test.oss-cn-zhangjiakou.aliyuncs.com/%E6%89%AB%E5%9C%B0%E6%9C%BA%E5%99%A8%E4%BA%BA.jpg',0,'2019-09-27 14:46:44','2019-09-27 14:46:44','0'),
('3c8d3fd9400792e716814e7952f60e72','1','c60c5526496d5dd9e1f507c836473699','笔记本电脑','','http://joolun-base-test.oss-cn-zhangjiakou.aliyuncs.com/%E7%AC%94%E8%AE%B0%E6%9C%AC%E7%94%B5%E8%84%91.jpg',0,'2019-09-27 14:14:24','2019-09-27 14:14:24','0'),
('4c0830479e930777902c8b3aa49ea53b','1','ccaafb0ae7ec4ade755b3f8cfa73b2db','保护壳/套','','http://joolun-base-test.oss-cn-zhangjiakou.aliyuncs.com/%E6%89%8B%E6%9C%BA%E5%A3%B3.jpg',2,'2019-09-27 14:17:10','2019-09-27 14:17:10','0'),
('4d44df171be6d7d6ccb923270c6f0f25','1','e14a5fd83638e8b720cff2b62ec143cc','烤箱','','http://joolun-base-test.oss-cn-zhangjiakou.aliyuncs.com/%E7%83%A4%E7%AE%B1_gaitubao_.jpg',0,'2019-09-27 14:45:59','2019-09-27 14:45:59','0'),
('4e4892411532de5d37054304ec08934e','1','ccaafb0ae7ec4ade755b3f8cfa73b2db','手机支架','','http://joolun-base-test.oss-cn-zhangjiakou.aliyuncs.com/%E6%94%AF%E6%9E%B6.jpg',3,'2019-09-27 14:17:26','2019-09-27 14:17:26','0'),
('4ed2743ae2198f247b204cb08efcca44','1','0','智能手环','','http://joolun-base-test.oss-cn-zhangjiakou.aliyuncs.com/%E6%99%BA%E8%83%BD%E6%89%8B%E7%8E%AF.png',13,'2019-09-27 14:22:14','2019-09-27 14:22:14','0'),
('522dbac5f593593a7c3722fc64b07359','1','a31ddf2eb997d61bdb70375ffd364153','支架','','http://joolun-base-test.oss-cn-zhangjiakou.aliyuncs.com/%E6%94%AF%E6%9E%B6.jpg',10,'2019-08-23 23:13:05','2019-08-23 23:13:05','0'),
('75221e3d0f3cc0fbf9160536b38d326e','1','a31ddf2eb997d61bdb70375ffd364153','U盘','','http://joolun-base-test.oss-cn-zhangjiakou.aliyuncs.com/u%E7%9B%981.png',5,'2019-08-23 23:05:42','2019-08-23 23:05:42','0'),
('7b936b3fe43c3c60df4618c86f542f1a','1','9bb404548cc6513c1c148b532b6db720','vivo','','http://joolun-base-test.oss-cn-zhangjiakou.aliyuncs.com/vivo.jpg',8,'2019-08-24 22:20:35','2019-08-24 22:20:35','0'),
('81eafcfd718dc8ba8662aa94c249f6df','1','a31ddf2eb997d61bdb70375ffd364153','数码收纳','','http://joolun-base-test.oss-cn-zhangjiakou.aliyuncs.com/%E6%95%B0%E7%A0%81%E6%94%B6%E7%BA%B3.jpg',7,'2019-08-23 23:06:24','2019-08-23 23:06:24','0'),
('8328db9dd6e9a4d6ef0956a649053cbf','1','0','摄影配件','','http://joolun-base-test.oss-cn-zhangjiakou.aliyuncs.com/%E6%91%84%E5%BD%B1%E9%85%8D%E4%BB%B6%E9%95%BF%E5%9B%BE_gaitubao_.jpg',9,'2019-09-27 14:28:39','2019-09-27 14:28:39','0'),
('862a74f109f7f14bcbfff1d5adf73cdc','1','9bb404548cc6513c1c148b532b6db720','华为','','http://joolun-base-test.oss-cn-zhangjiakou.aliyuncs.com/%E5%8D%8E%E4%B8%BA.jpg',1,'2019-08-24 22:18:43','2019-08-24 22:18:43','0'),
('8722b34fd15ba8e6cb9f1754d09ec59c','1','a31ddf2eb997d61bdb70375ffd364153','数码保护套','','http://joolun-base-test.oss-cn-zhangjiakou.aliyuncs.com/%E6%95%B0%E7%A0%81%E4%BF%9D%E6%8A%A4%E5%A5%97.jpg',3,'2019-08-23 23:05:14','2019-08-23 23:05:14','0'),
('8945e91422a84476cdd0a8361092ca44','1','ccaafb0ae7ec4ade755b3f8cfa73b2db','移动电源','','http://joolun-base-test.oss-cn-zhangjiakou.aliyuncs.com/%E7%A7%BB%E5%8A%A8%E7%94%B5%E6%BA%901.jpg',0,'2019-09-27 14:16:35','2019-09-27 14:16:35','0'),
('8a3e5b7dd20542ce298758cc02bee1fd','1','f39dbb616d9ede9e353041bc1f35f459','手机内存卡','','http://joolun-base-test.oss-cn-zhangjiakou.aliyuncs.com/595e02ccNf23b2553.jpg',0,'2019-09-27 14:49:12','2019-09-27 14:49:12','0'),
('8f47e312f90ff89e61b5a2c9e4a78459','1','9bb404548cc6513c1c148b532b6db720','honor','','http://joolun-base-test.oss-cn-zhangjiakou.aliyuncs.com/%E8%8D%A3%E8%80%80.jpg',2,'2019-08-24 22:18:54','2019-08-24 22:18:54','0'),
('988f1af72652178159de1ec009ab8fb0','1','9bb404548cc6513c1c148b532b6db720','小米','','http://joolun-base-test.oss-cn-zhangjiakou.aliyuncs.com/%E5%B0%8F%E7%B1%B3.jpg',3,'2019-08-24 22:19:03','2019-08-24 22:19:03','0'),
('9bb404548cc6513c1c148b532b6db720','1','0','手机','','http://joolun-base-test.oss-cn-zhangjiakou.aliyuncs.com/%E6%89%8B%E6%9C%BA_gaitubao_467x243.jpg',0,'2019-08-23 23:23:05','2019-08-23 23:23:05','0'),
('a31ddf2eb997d61bdb70375ffd364153','1','0','数码配件','','http://joolun-base-test.oss-cn-zhangjiakou.aliyuncs.com/%E6%95%B0%E7%A0%81_gaitubao_521x275.jpg',1,'2019-08-12 15:36:37','2019-08-12 18:32:21','0'),
('a629d3418f406d27dfdcde71670ffa0a','1','0','大家电','','http://joolun-base-test.oss-cn-zhangjiakou.aliyuncs.com/%E5%BE%AE%E4%BF%A1%E6%88%AA%E5%9B%BE_20190824233956_gaitubao_567x275.jpg',5,'2019-08-12 15:23:08','2019-08-14 09:59:49','0'),
('a9acd965e1bf8c062edfa46b7f99203f','1','0','电脑周边','','http://joolun-base-test.oss-cn-zhangjiakou.aliyuncs.com/%E7%94%B5%E8%84%91%E5%91%A8%E8%BE%B9.png',4,'2019-09-27 14:27:08','2019-09-27 14:27:08','0'),
('ade737abcb77d0cd880e0208a34027eb','1','a9acd965e1bf8c062edfa46b7f99203f','鼠标','','http://joolun-base-test.oss-cn-zhangjiakou.aliyuncs.com/%E9%BC%A0%E6%A0%87.jpg',1,'2019-09-27 14:45:00','2019-09-27 14:45:00','0'),
('aee643fbb77dfeac433a275ff8d900d7','1','a31ddf2eb997d61bdb70375ffd364153','硬盘','','http://joolun-base-test.oss-cn-zhangjiakou.aliyuncs.com/%E7%A1%AC%E7%9B%98.jpg',1,'2019-08-12 15:39:54','2019-08-12 15:39:54','0'),
('b077e1d31deace3aa871da9fedae35ad','1','ccaafb0ae7ec4ade755b3f8cfa73b2db','手机耳机','','http://joolun-base-test.oss-cn-zhangjiakou.aliyuncs.com/%E8%80%B3%E6%9C%BA.jpg',1,'2019-09-27 14:16:52','2019-09-27 14:16:52','0'),
('b117a0d046a79337ec53bbf9e62b47f7','1','9bb404548cc6513c1c148b532b6db720','诺基亚','','http://joolun-base-test.oss-cn-zhangjiakou.aliyuncs.com/%E8%AF%BA%E5%9F%BA%E4%BA%9A.jpg',7,'2019-08-24 22:19:59','2019-08-24 22:19:59','0'),
('c2731c7e8c6867d8a1168298e9e28c5b','1','a629d3418f406d27dfdcde71670ffa0a','洗衣机','','http://joolun-base-test.oss-cn-zhangjiakou.aliyuncs.com/%E6%B4%97%E8%A1%A3%E6%9C%BA.jpg',2,'2019-08-24 22:04:29','2019-08-24 22:04:29','0'),
('c60c5526496d5dd9e1f507c836473699','1','0','电脑','','http://joolun-base-test.oss-cn-zhangjiakou.aliyuncs.com/%E5%BE%AE%E4%BF%A1%E6%88%AA%E5%9B%BE_20190927151104.png',3,'2019-08-23 23:24:46','2019-08-23 23:24:46','0'),
('cab5358226cfb8b04199c0a63209e49e','1','8328db9dd6e9a4d6ef0956a649053cbf','脚架','','http://joolun-base-test.oss-cn-zhangjiakou.aliyuncs.com/%E6%91%84%E5%BD%B1%E8%84%9A%E6%9E%B6.jpg',0,'2019-09-27 14:48:21','2019-09-27 14:48:21','0'),
('ccaafb0ae7ec4ade755b3f8cfa73b2db','1','0','手机配件','','http://joolun-base-test.oss-cn-zhangjiakou.aliyuncs.com/%E6%89%8B%E6%9C%BA%E9%85%8D%E4%BB%B6.png',2,'2019-09-27 14:16:14','2019-09-27 14:16:14','0'),
('ce0192da5725a512b702ab2b3f7e5a1f','1','c60c5526496d5dd9e1f507c836473699','显示器','','http://joolun-base-test.oss-cn-zhangjiakou.aliyuncs.com/%E6%98%BE%E7%A4%BA%E5%99%A8.jpg',1,'2019-09-27 14:14:38','2019-09-27 14:14:38','0'),
('cfda0b45b229fa9f77c02464c9c694f0','1','0','游戏设备','','http://joolun-base-test.oss-cn-zhangjiakou.aliyuncs.com/%E6%B8%B8%E6%88%8F%E8%AE%BE%E5%A4%87.png',16,'2019-09-27 15:10:27','2019-09-27 15:10:27','0'),
('cff988e342a4ed77ae64f0c9032159f5','1','0','智能家居','','http://joolun-base-test.oss-cn-zhangjiakou.aliyuncs.com/%E5%AE%B6%E7%94%A8%E6%99%BA%E8%83%BD.png',12,'2019-09-27 14:31:24','2019-09-27 14:31:24','0'),
('d4ecd80e6f3526dec6949027de971908','1','4ed2743ae2198f247b204cb08efcca44','智能手表','','http://joolun-base-test.oss-cn-zhangjiakou.aliyuncs.com/%E6%99%BA%E8%83%BD%E6%89%8B%E8%A1%A8.jpg',0,'2019-09-27 14:48:55','2019-09-27 14:48:55','0'),
('d5a7b863c2759241ac571f5bc1b6239d','1','0','电池类','','http://joolun-base-test.oss-cn-zhangjiakou.aliyuncs.com/%E7%94%B5%E6%B1%A0.png',14,'2019-09-27 14:40:55','2019-09-27 14:40:55','0'),
('d9b1af75073a44c78e3cd8a0c8525f44','1','c60c5526496d5dd9e1f507c836473699','平板电脑','','http://joolun-base-test.oss-cn-zhangjiakou.aliyuncs.com/%E5%B9%B3%E6%9D%BF%E7%94%B5%E8%84%91.jpg',2,'2019-09-27 14:14:57','2019-09-27 14:14:57','0'),
('ddbe36b3a276020b92020f398e420895','1','a629d3418f406d27dfdcde71670ffa0a','冰箱','','http://joolun-base-test.oss-cn-zhangjiakou.aliyuncs.com/%E5%86%B0%E7%AE%B1_gaitubao_383x383.jpg',0,'2019-08-12 15:40:33','2019-08-12 15:40:33','0'),
('e14a5fd83638e8b720cff2b62ec143cc','1','0','厨卫电器','','http://joolun-base-test.oss-cn-zhangjiakou.aliyuncs.com/%E5%8E%A8%E5%8D%AB%E7%94%B5%E5%99%A8.png',7,'2019-09-27 14:24:31','2019-09-27 14:24:31','0'),
('ef0e1b94f209171cc9efbd04f8232a7b','1','a31ddf2eb997d61bdb70375ffd364153','USB周边','','http://joolun-base-test.oss-cn-zhangjiakou.aliyuncs.com/usb%E5%91%A8%E8%BE%B9.jpg',4,'2019-08-23 23:05:29','2019-08-23 23:05:29','0'),
('f19e67b9a7863b37485f7f3cbec53fcf','1','0','影音电子','','http://joolun-base-test.oss-cn-zhangjiakou.aliyuncs.com/%E9%9F%B3%E5%93%8D.png',9,'2019-09-27 14:26:37','2019-09-27 14:26:37','0'),
('f39dbb616d9ede9e353041bc1f35f459','1','0','储存卡','','http://joolun-base-test.oss-cn-zhangjiakou.aliyuncs.com/%E5%82%A8%E5%AD%98%E5%8D%A1.png',15,'2019-09-27 14:42:10','2019-09-27 14:42:10','0');

/*Table structure for table `goods_sku` */

DROP TABLE IF EXISTS `goods_sku`;

CREATE TABLE `goods_sku` (
  `id` varchar(32) CHARACTER SET utf8mb4 COLLATE utf8mb4_0900_ai_ci NOT NULL COMMENT 'PK',
  `create_time` datetime NOT NULL DEFAULT CURRENT_TIMESTAMP COMMENT '创建时间',
  `update_time` timestamp NOT NULL DEFAULT CURRENT_TIMESTAMP ON UPDATE CURRENT_TIMESTAMP COMMENT '最后更新时间',
  `tenant_id` varchar(32) CHARACTER SET utf8mb4 COLLATE utf8mb4_0900_ai_ci NOT NULL COMMENT '所属租户',
  `sku_code` varchar(32) CHARACTER SET utf8mb4 COLLATE utf8mb4_0900_ai_ci DEFAULT NULL COMMENT 'sku编码',
  `spu_id` varchar(32) CHARACTER SET utf8mb4 COLLATE utf8mb4_0900_ai_ci NOT NULL COMMENT '商品Id',
  `pic_url` varchar(500) CHARACTER SET utf8mb4 COLLATE utf8mb4_0900_ai_ci DEFAULT '' COMMENT '图片',
  `sales_price` decimal(10,2) DEFAULT NULL COMMENT '销售价格',
  `market_price` decimal(10,2) DEFAULT NULL COMMENT '市场价',
  `cost_price` decimal(10,2) DEFAULT NULL COMMENT '成本价',
  `stock` int(11) NOT NULL DEFAULT '0' COMMENT '库存',
  `weight` decimal(10,2) DEFAULT NULL COMMENT '重量',
  `volume` decimal(10,2) DEFAULT NULL COMMENT '体积',
  `enable` char(2) CHARACTER SET utf8mb4 COLLATE utf8mb4_0900_ai_ci NOT NULL DEFAULT '1' COMMENT '是否启用1、是；0否',
  `del_flag` char(2) CHARACTER SET utf8mb4 COLLATE utf8mb4_0900_ai_ci NOT NULL DEFAULT '0' COMMENT '逻辑删除标记（0：显示；1：隐藏）',
  PRIMARY KEY (`id`) USING BTREE,
  KEY `ids_tenant_id` (`tenant_id`) USING BTREE
) ENGINE=InnoDB DEFAULT CHARSET=utf8mb4 COLLATE=utf8mb4_0900_ai_ci ROW_FORMAT=DYNAMIC COMMENT='sku表';

/*Data for the table `goods_sku` */

insert  into `goods_sku`(`id`,`create_time`,`update_time`,`tenant_id`,`sku_code`,`spu_id`,`pic_url`,`sales_price`,`market_price`,`cost_price`,`stock`,`weight`,`volume`,`enable`,`del_flag`) values 
('00bce2f5d54a4c0381b0515d88b29578','2019-10-27 12:35:20','2019-11-12 11:27:40','1',NULL,'28a43d02e7292131173fd0cc16cf3df8','',3688.00,0.00,0.00,5,0.00,0.00,'1','0'),
('030365cfa79ad1a3c1d34af1fba6e8d5','2019-10-27 12:35:20','2019-11-12 11:27:40','1',NULL,'28a43d02e7292131173fd0cc16cf3df8','',3988.00,0.00,0.00,97,0.00,0.00,'1','0'),
('08ab261dd440c6040a14f68678a4bc18','2019-09-05 22:41:10','2019-11-12 11:27:40','1',NULL,'621e6207964c8c08abec45adcc3791dd','',2878.00,0.00,0.00,7,0.00,0.00,'1','0'),
('0b9f9a54fe4bafb5390349f153d06b77','2019-09-19 17:30:08','2019-11-12 11:27:40','1',NULL,'5c931915ee4ad040732a56d039c0f539','',2799.00,0.00,0.00,99,0.00,0.00,'1','0'),
('0bf8dafd73723da6ae2b8d25bd08d8a0','2019-09-19 17:30:08','2019-11-12 11:27:40','1',NULL,'5c931915ee4ad040732a56d039c0f539','',2799.00,0.00,0.00,7,0.00,0.00,'1','0'),
('0deafa0838dd542aba60900f9e8d3bb6','2019-09-27 16:55:41','2019-11-12 11:27:40','1',NULL,'58c12341a226b641435b9aa435a1133c','',4599.00,0.00,0.00,25,0.00,0.00,'1','0'),
('106c4dc9184da01ce15e26f4256560d4','2019-10-11 14:28:18','2019-11-12 11:27:40','1',NULL,'2835671ff031c18cb181b1a199f86b01','http://joolun-base-test.oss-cn-zhangjiakou.aliyuncs.com/8.jpg',1905.00,0.00,0.00,0,0.00,0.00,'1','0'),
('10f415b0cd746ebf764acc3a6a4d13a2','2019-10-11 14:28:18','2019-11-12 11:27:40','1',NULL,'2835671ff031c18cb181b1a199f86b01','http://joolun-base-test.oss-cn-zhangjiakou.aliyuncs.com/8.jpg',2400.00,0.00,0.00,0,0.00,0.00,'1','0'),
('1139130ff262b521cd3195db3c0ceddb','2019-09-27 16:10:00','2019-11-12 11:27:40','1',NULL,'fbeaa277979be8cbaee8ab7fe3734f2f','',2988.00,0.00,0.00,11,0.00,0.00,'1','0'),
('1f53c967ef613e8469d3740131a3fcb3','2019-10-27 12:35:20','2019-11-12 11:27:40','1',NULL,'28a43d02e7292131173fd0cc16cf3df8','',4488.00,0.00,0.00,7,0.00,0.00,'1','0'),
('2467663a7b6432b726d5205088445559','2019-09-27 16:25:10','2019-11-12 11:27:40','1',NULL,'ff3d6dd5a37ff42e2b67b87bd12d1d01','',2999.00,0.00,0.00,77,0.00,0.00,'1','0'),
('278357f4667ba6677c9936e33b94bfdd','2019-09-27 16:55:23','2019-11-12 11:27:40','1',NULL,'6545a6fc2927edc195b93982f446917c','',5488.00,0.00,0.00,55,0.00,0.00,'1','0'),
('285406920f35e70ff978da36b44c304f','2019-10-27 12:25:29','2019-11-12 11:27:40','1',NULL,'a7f09db88c956e0c6ba3323420b6fae8','',3999.00,0.00,0.00,15,0.00,0.00,'1','0'),
('2db22126dc5c251de13064fe12ebfb62','2019-09-05 22:40:16','2019-11-12 11:27:40','1',NULL,'87ec583e2883cbd2fd259f47ece0fe15','',3599.00,0.00,0.00,7,0.00,0.00,'1','0'),
('31ce52f7b6fd0dbe7770bc72b24d85f3','2019-09-26 14:09:21','2019-11-12 11:27:40','1',NULL,'c8e43ca96818c00a18072eb0e1c6fe83','',5999.00,0.00,0.00,55,0.00,0.00,'1','0'),
('32d916fb3ddb0731928c83f1b661bed6','2019-10-27 12:35:20','2019-11-12 11:27:40','1',NULL,'28a43d02e7292131173fd0cc16cf3df8','',4488.00,0.00,0.00,99,0.00,0.00,'1','0'),
('37a22f1afeef4c7e73501403f0c15468','2019-10-27 12:10:08','2019-11-12 11:27:40','1',NULL,'43768c89b11316e1edf56c2fd56f7751','',7899.00,0.00,0.00,9,0.00,0.00,'1','0'),
('37c5999bb7fc76116999b7a19b99a851','2019-09-27 16:55:41','2019-11-12 11:27:40','1',NULL,'58c12341a226b641435b9aa435a1133c','',3699.00,0.00,0.00,4,0.00,0.00,'1','0'),
('3b8f04140f7afa28046809f68beb320d','2019-10-27 12:35:20','2019-11-12 11:27:40','1',NULL,'28a43d02e7292131173fd0cc16cf3df8','',3688.00,0.00,0.00,99,0.00,0.00,'1','0'),
('3c56e0951df15b44cfc121cf61c33829','2019-09-27 16:55:23','2019-11-12 11:27:40','1',NULL,'6545a6fc2927edc195b93982f446917c','',4988.00,0.00,0.00,55,0.00,0.00,'1','0'),
('3e3dffe80fce25ef829124adbd74a895','2019-09-26 14:09:21','2019-11-12 11:27:40','1',NULL,'c8e43ca96818c00a18072eb0e1c6fe83','',4688.00,0.00,0.00,68,0.00,0.00,'1','0'),
('3feb9274436f339c297e29571436c585','2019-09-05 22:41:10','2019-11-12 11:27:40','1',NULL,'621e6207964c8c08abec45adcc3791dd','',3888.00,0.00,0.00,9,0.00,0.00,'1','0'),
('401c62d0a62226e6209728629645677d','2019-09-05 22:40:16','2019-11-12 11:27:40','1',NULL,'87ec583e2883cbd2fd259f47ece0fe15','',3599.00,0.00,0.00,8,0.00,0.00,'1','0'),
('416ab6fc443778d2a9fc5e7f4a9b0e00','2019-10-11 14:28:18','2019-11-12 11:27:40','1',NULL,'2835671ff031c18cb181b1a199f86b01','',2599.00,0.00,0.00,1,0.00,0.00,'1','0'),
('434333506a51f8ed4319c32d619f0653','2019-10-27 12:25:29','2019-11-12 11:27:40','1',NULL,'a7f09db88c956e0c6ba3323420b6fae8','',4399.00,0.00,0.00,9,0.00,0.00,'1','0'),
('445e36a6969f8ad3d50189ae93ffb648','2019-08-24 00:45:48','2019-11-12 11:27:40','1',NULL,'','',1560.00,NULL,NULL,5,NULL,NULL,'1','0'),
('45fd58fda0cf4b406408385265f86c8e','2019-09-27 16:09:43','2019-11-12 11:27:40','1',NULL,'3d2c153cb94c0a3fa24fc07f47dd801d','',6899.00,0.00,0.00,98,0.00,0.00,'1','0'),
('4ae6fec7ac03d51d3eb43bcaf3c3ee52','2019-09-05 22:37:35','2019-11-12 11:27:40','1',NULL,'7ae8b6d47dabec6fe1dc298475128b21','',4699.00,0.00,0.00,6,0.00,0.00,'1','0'),
('4d1e18aeed6de601db9d53f6c336c0e2','2019-09-26 14:09:21','2019-11-12 11:27:40','1',NULL,'c8e43ca96818c00a18072eb0e1c6fe83','',4688.00,0.00,0.00,9,0.00,0.00,'1','0'),
('5002eafdeca30f4c590b3288de5fa217','2019-09-27 16:55:23','2019-11-12 11:27:40','1',NULL,'6545a6fc2927edc195b93982f446917c','',4988.00,0.00,0.00,92,0.00,0.00,'1','0'),
('5033e1f2bfa07231d1c2045392fa2f93','2019-10-11 14:28:18','2019-11-12 11:27:40','1',NULL,'2835671ff031c18cb181b1a199f86b01','http://joolun-base-test.oss-cn-zhangjiakou.aliyuncs.com/8.jpg',2000.00,0.00,0.00,0,0.00,0.00,'1','0'),
('50efed2eba7346041d30358124177e11','2019-09-05 22:41:10','2019-11-12 11:27:40','1',NULL,'621e6207964c8c08abec45adcc3791dd','',2878.00,0.00,0.00,2,0.00,0.00,'1','0'),
('5110b952e15de4689aaa57662a342b07','2019-09-19 17:30:08','2019-11-12 11:27:40','1',NULL,'5c931915ee4ad040732a56d039c0f539','',3599.00,0.00,0.00,8,0.00,0.00,'1','0'),
('51ff5da47a14e61e32f01f06261fbb8a','2019-08-24 00:45:48','2019-11-12 11:27:40','1',NULL,'','',1508.00,NULL,NULL,5,NULL,NULL,'1','0'),
('55a7d46eb9893cab480c70378d4dcefa','2019-09-07 22:50:16','2019-11-12 11:27:40','1',NULL,'ff39bc8f64b1d9b524b28c6000af8191','',0.01,0.00,0.00,6,35.00,0.00,'1','0'),
('57c5e70e67eff86a1b8802203617feb7','2019-09-10 17:13:09','2019-11-12 11:27:40','1',NULL,'a6a347b17dd360c30d792638a956d0e7','',3099.00,0.00,0.00,7,0.00,0.00,'1','0'),
('5a0a1c24928af80a732cd179faac2d58','2019-09-27 16:53:33','2019-11-12 11:27:40','1',NULL,'1b46c10d275262533b352329cc6d3af0','',2999.00,0.00,0.00,60,0.00,0.00,'1','0'),
('5a2b3c606fada8b8537f136058ca21d0','2019-10-27 12:35:20','2019-11-12 11:27:40','1',NULL,'28a43d02e7292131173fd0cc16cf3df8','',4488.00,0.00,0.00,9,0.00,0.00,'1','0'),
('5a61a7876305b760efa8abe04b912a8b','2019-10-11 14:28:18','2019-11-12 11:27:40','1',NULL,'2835671ff031c18cb181b1a199f86b01','',2700.00,0.00,0.00,0,0.00,0.00,'1','0'),
('622bc3b2538c584ebdcc0318ff29a2e1','2019-09-26 14:09:21','2019-11-12 11:27:40','1',NULL,'c8e43ca96818c00a18072eb0e1c6fe83','',5999.00,0.00,0.00,7,0.00,0.00,'1','0'),
('629400d6176ac617267ab175b07706bf','2019-10-27 12:35:20','2019-11-12 11:27:40','1',NULL,'28a43d02e7292131173fd0cc16cf3df8','',4488.00,0.00,0.00,345,0.00,0.00,'1','0'),
('62983da7f4bdac15e6a0e1bc35df2a02','2019-10-27 12:35:20','2019-11-12 11:27:40','1',NULL,'28a43d02e7292131173fd0cc16cf3df8','',3688.00,0.00,0.00,5,0.00,0.00,'1','0'),
('62e14ab3abaf8d131ab2669c02ce995f','2019-11-12 11:55:44','2019-11-12 11:55:44','1',NULL,'738c5e78eee34bdebf159335d39aa298','',3999.00,NULL,NULL,6,NULL,NULL,'1','0'),
('6381b121ddaef02532bb72e1a7a35947','2019-09-05 22:37:35','2019-11-12 11:27:40','1',NULL,'7ae8b6d47dabec6fe1dc298475128b21','',3899.00,0.00,0.00,8,0.00,0.00,'1','0'),
('64c9bd0cfef46a48ec235b390f33ab2b','2019-09-27 16:54:43','2019-11-12 11:27:40','1',NULL,'32ba699e9c291e801740077ae9a1889e','',0.00,3588.00,0.00,0,0.00,0.00,'1','0'),
('6891bfaf1109cdcaa5385bd39e07b457','2019-09-10 17:13:09','2019-11-12 11:27:40','1',NULL,'a6a347b17dd360c30d792638a956d0e7','',3099.00,0.00,0.00,8,0.00,0.00,'1','0'),
('68a16b94092b49f7e50d268b395b7fec','2019-11-12 11:55:44','2019-11-12 11:55:44','1',NULL,'738c5e78eee34bdebf159335d39aa298','',3999.00,NULL,NULL,5,NULL,NULL,'1','0'),
('6b18b7db33857f362830a0287a781188','2019-09-27 16:32:22','2019-11-12 11:27:40','1',NULL,'40759ad0d99420e1c1ed79b67282bd74','',3299.00,0.00,0.00,52,0.00,0.00,'1','0'),
('6fb2c9c6dc458ab030e7504d9be41043','2019-09-05 22:37:35','2019-11-12 11:27:40','1',NULL,'7ae8b6d47dabec6fe1dc298475128b21','',3899.00,0.00,0.00,5,0.00,0.00,'1','0'),
('6fe19b2d6cd0cfa9900ce7a614003b07','2019-10-27 12:35:20','2019-11-12 11:27:52','1',NULL,'28a43d02e7292131173fd0cc16cf3df8','',3688.00,0.00,0.00,999,0.00,0.00,'0','0'),
('7039045b9e36aed7bb2091ae8ad3e14b','2019-09-10 17:13:09','2019-11-12 11:27:40','1',NULL,'a6a347b17dd360c30d792638a956d0e7','',2099.00,0.00,0.00,85,0.00,0.00,'1','0'),
('7284aa3282fa86d8a0fb048750800f7f','2019-09-19 17:30:08','2019-11-12 11:27:40','1',NULL,'5c931915ee4ad040732a56d039c0f539','',3599.00,0.00,0.00,5,0.00,0.00,'1','0'),
('796f71714f40d05396df7ea6e51f5bb9','2019-10-27 12:35:20','2019-11-12 11:27:40','1',NULL,'28a43d02e7292131173fd0cc16cf3df8','',3688.00,0.00,0.00,56,0.00,0.00,'1','0'),
('7ba7d219a93e50320ff3f8c4fe6873d0','2019-09-27 16:53:33','2019-11-12 11:27:40','1',NULL,'1b46c10d275262533b352329cc6d3af0','',3540.00,0.00,0.00,0,0.00,0.00,'1','0'),
('7bf991df9d7284facf418fe231c1c3d6','2019-09-27 16:10:00','2019-11-12 11:27:40','1',NULL,'fbeaa277979be8cbaee8ab7fe3734f2f','',3988.00,0.00,0.00,22,0.00,0.00,'1','0'),
('7cee91d08568afe4f8c2a7651f52be8b','2019-11-17 16:29:11','2019-11-17 16:29:11','1',NULL,'4d06c5157cce971b89166e509cdf63e8','https://joolun-base-test.oss-cn-zhangjiakou.aliyuncs.com/1/material/61152cae-8dd2-4553-9992-33cd93075aff.gif',0.08,888.00,NULL,89,NULL,NULL,'1','0'),
('7feea846da4bfd3e2dc1c5c41184cd40','2019-09-27 16:55:23','2019-11-12 11:27:40','1',NULL,'6545a6fc2927edc195b93982f446917c','',5488.00,0.00,0.00,66,0.00,0.00,'1','0'),
('818f9433a92769db51c861b05faa61f5','2019-09-26 14:09:21','2019-11-12 11:27:40','1',NULL,'c8e43ca96818c00a18072eb0e1c6fe83','',5999.00,0.00,0.00,8,0.00,0.00,'1','0'),
('81cc4c7c90f3b497b27dcd51b810faa4','2019-10-27 12:35:20','2019-11-12 11:27:40','1',NULL,'28a43d02e7292131173fd0cc16cf3df8','',3988.00,0.00,0.00,56,0.00,0.00,'1','0'),
('8238fa03b3b03e122c5681587bd24261','2019-09-05 22:41:10','2019-11-12 11:27:40','1',NULL,'621e6207964c8c08abec45adcc3791dd','',3888.00,0.00,0.00,5,0.00,0.00,'1','0'),
('8558b4f72eb78580e251f7b50351ba2f','2019-09-05 22:40:16','2019-11-12 11:27:40','1',NULL,'87ec583e2883cbd2fd259f47ece0fe15','',2799.00,0.00,0.00,8,0.00,0.00,'1','0'),
('85da7d03d41992a66f8a60d399ad1264','2019-09-05 22:37:35','2019-11-12 11:27:40','1',NULL,'7ae8b6d47dabec6fe1dc298475128b21','',4699.00,0.00,0.00,4,0.00,0.00,'1','0'),
('894b591741d425ca9c1b1579ce299a5b','2019-11-17 16:29:11','2019-11-17 16:29:11','1',NULL,'4d06c5157cce971b89166e509cdf63e8','https://joolun-base-test.oss-cn-zhangjiakou.aliyuncs.com/1/material/0352cae9-2770-494e-9f08-97e474d90345.jpg',0.01,NULL,NULL,83,NULL,NULL,'1','0'),
('8b05c06072f7035e4fdea8fa4953be9d','2019-10-27 12:25:29','2019-11-12 11:27:40','1',NULL,'a7f09db88c956e0c6ba3323420b6fae8','',4399.00,0.00,0.00,9,0.00,0.00,'1','0'),
('8b3d9b08b33081b231e75ef5f0bf3705','2019-10-11 14:28:18','2019-11-12 11:27:40','1',NULL,'2835671ff031c18cb181b1a199f86b01','',1999.00,0.00,0.00,0,0.00,0.00,'1','0'),
('8ccfb6b00d71d90b3ff913288e60012c','2019-10-27 12:35:20','2019-11-12 11:27:40','1',NULL,'28a43d02e7292131173fd0cc16cf3df8','',3688.00,0.00,0.00,57,0.00,0.00,'1','0'),
('8e18384c180c8b6eb2beb1f52c5c3c50','2019-09-27 16:55:41','2019-11-12 11:27:40','1',NULL,'58c12341a226b641435b9aa435a1133c','',3699.00,0.00,0.00,6,0.00,0.00,'1','0'),
('9211ed74de18ec2d044377163ba6ad90','2019-09-05 22:40:16','2019-11-12 11:27:40','1',NULL,'87ec583e2883cbd2fd259f47ece0fe15','',3599.00,0.00,0.00,8,0.00,0.00,'1','0'),
('9326ee92625645fd27ab5a79ba057934','2019-11-12 11:55:44','2019-11-12 11:55:44','1',NULL,'738c5e78eee34bdebf159335d39aa298','',4399.00,NULL,NULL,4,NULL,NULL,'1','0'),
('954060498a28ba885c504d9e9234a009','2019-10-11 14:28:18','2019-11-12 11:27:40','1',NULL,'2835671ff031c18cb181b1a199f86b01','',2600.00,0.00,0.00,6,0.00,0.00,'1','0'),
('960034c61ead0ba0e7f705bc7775538f','2019-11-12 11:55:44','2019-11-12 11:55:44','1',NULL,'738c5e78eee34bdebf159335d39aa298','',3999.00,NULL,NULL,8,NULL,NULL,'0','0'),
('98cc267a3d057a1dc7da08fdb956243c','2019-10-27 12:35:20','2019-11-12 11:27:40','1',NULL,'28a43d02e7292131173fd0cc16cf3df8','',3688.00,0.00,0.00,8,0.00,0.00,'1','0'),
('9da501bd371c5ad333a3f01afc2cfa1e','2019-09-19 17:30:08','2019-11-12 11:27:40','1',NULL,'5c931915ee4ad040732a56d039c0f539','',2799.00,0.00,0.00,5,0.00,0.00,'1','0'),
('a1c72bd9cd274406fbd8ee212f7fb583','2019-08-24 00:45:48','2019-11-12 11:27:40','1',NULL,'','',1500.00,NULL,NULL,5,NULL,NULL,'1','0'),
('ac891d03cc5a17e3b198037b5d7ef632','2019-10-27 12:35:20','2019-11-12 11:27:40','1',NULL,'28a43d02e7292131173fd0cc16cf3df8','',3688.00,0.00,0.00,8,0.00,0.00,'1','0'),
('ad21c33671eed52979176e33de427255','2019-09-27 16:32:22','2019-11-12 11:27:52','1',NULL,'40759ad0d99420e1c1ed79b67282bd74','',4299.00,0.00,0.00,55,0.00,0.00,'0','0'),
('b015d0a4cb2f6acd7fd1cb0b7504841b','2019-09-05 22:37:35','2019-11-12 11:27:40','1',NULL,'7ae8b6d47dabec6fe1dc298475128b21','',4699.00,0.00,0.00,7,0.00,0.00,'1','0'),
('b139d9185833c938e4340e3a181b245a','2019-10-11 14:28:18','2019-11-12 11:27:40','1',NULL,'2835671ff031c18cb181b1a199f86b01','http://joolun-base-test.oss-cn-zhangjiakou.aliyuncs.com/8.jpg',2000.00,0.00,0.00,0,0.00,0.00,'1','0'),
('b2193b078940180d598abde13dec7a94','2019-10-27 12:25:29','2019-11-12 11:27:40','1',NULL,'a7f09db88c956e0c6ba3323420b6fae8','',3999.00,0.00,0.00,17,0.00,0.00,'1','0'),
('b37ebf32ccd737cb3b55af7285a99d67','2019-10-27 12:25:29','2019-11-12 11:27:40','1',NULL,'a7f09db88c956e0c6ba3323420b6fae8','',3999.00,0.00,0.00,15,0.00,0.00,'1','0'),
('b3cfdef62cc4b5589bbf4ebcd1255d83','2019-10-27 12:35:20','2019-11-12 11:27:40','1',NULL,'28a43d02e7292131173fd0cc16cf3df8','',4488.00,0.00,0.00,7,0.00,0.00,'1','0'),
('b8bb6f31eb6b6070760bea1e1fc3a200','2019-10-27 12:35:20','2019-11-12 11:27:52','1',NULL,'28a43d02e7292131173fd0cc16cf3df8','',3688.00,0.00,0.00,999,0.00,0.00,'0','0'),
('bc5ff3c915c1b633c16a60f4433deb2a','2019-10-27 12:25:29','2019-11-12 11:27:40','1',NULL,'a7f09db88c956e0c6ba3323420b6fae8','',4399.00,0.00,0.00,10,0.00,0.00,'1','0'),
('bd8e1fc217a7b9477dc7a8551dcc5f28','2019-09-10 17:13:09','2019-11-12 11:27:40','1',NULL,'a6a347b17dd360c30d792638a956d0e7','',2099.00,0.00,0.00,32,0.00,0.00,'1','0'),
('bde96dde2e5b9673758324a2d071426d','2019-11-12 11:55:44','2019-11-12 11:55:44','1',NULL,'738c5e78eee34bdebf159335d39aa298','',4399.00,NULL,NULL,9,NULL,NULL,'0','0'),
('c43134d412ab15a0075a31d2b35f0838','2019-08-24 00:45:48','2019-11-12 11:27:40','1',NULL,'','',1200.00,NULL,NULL,5,NULL,NULL,'1','0'),
('c6343fadd0aa6ed387986ef61e59c6a7','2019-09-27 16:32:22','2019-11-12 11:27:40','1',NULL,'40759ad0d99420e1c1ed79b67282bd74','',3299.00,0.00,0.00,99,0.00,0.00,'1','0'),
('c66b30ce583ec53e13f8add38a5bb223','2019-09-27 16:09:43','2019-11-12 11:27:40','1',NULL,'3d2c153cb94c0a3fa24fc07f47dd801d','',5899.00,0.00,0.00,99,0.00,0.00,'1','0'),
('c8b8689a6cad4ed49d087b238ba18821','2019-10-27 12:35:20','2019-11-12 11:27:40','1',NULL,'28a43d02e7292131173fd0cc16cf3df8','',3988.00,0.00,0.00,345,0.00,0.00,'1','0'),
('cae1ef8086573a965f711278aec76dac','2019-10-27 12:35:20','2019-11-12 11:27:40','1',NULL,'28a43d02e7292131173fd0cc16cf3df8','',3988.00,0.00,0.00,45,0.00,0.00,'1','0'),
('cd4be639932b3ecb665a4c3c4c9d28c1','2019-09-26 14:09:21','2019-11-12 11:27:40','1',NULL,'c8e43ca96818c00a18072eb0e1c6fe83','',5999.00,0.00,0.00,47,0.00,0.00,'1','0'),
('d231471ce174ffbaf9ce196878334856','2019-09-05 22:41:10','2019-11-12 11:27:40','1',NULL,'621e6207964c8c08abec45adcc3791dd','',3888.00,0.00,0.00,8,0.00,0.00,'1','0'),
('d5928316b4ab54adeefdd179a881bac6','2019-09-19 17:30:08','2019-11-12 11:27:40','1',NULL,'5c931915ee4ad040732a56d039c0f539','',3599.00,0.00,0.00,9,0.00,0.00,'1','0'),
('df566ba8600b4305606b87fe523a87f4','2019-08-24 00:45:48','2019-11-12 11:27:40','1',NULL,'','',1100.00,NULL,NULL,5,NULL,NULL,'1','0'),
('e03c10e9f30a99456d46b7e625028751','2019-09-27 16:55:41','2019-11-12 11:27:40','1',NULL,'58c12341a226b641435b9aa435a1133c','',4599.00,0.00,0.00,54,0.00,0.00,'1','0'),
('e5f6aa808905bfdc0c37a08f988a5b2f','2019-09-26 14:09:21','2019-11-12 11:27:40','1',NULL,'c8e43ca96818c00a18072eb0e1c6fe83','',4688.00,0.00,0.00,7,0.00,0.00,'1','0'),
('e632fe2bf818837ec0f05903568a1c59','2019-08-24 00:45:48','2019-11-12 11:27:40','1',NULL,'','',1200.00,NULL,NULL,5,NULL,NULL,'1','0'),
('eca0bf5189ba8192ccf5fc615970ea9d','2019-09-27 16:55:23','2019-11-12 11:27:40','1',NULL,'6545a6fc2927edc195b93982f446917c','',4988.00,0.00,0.00,87,0.00,0.00,'1','0'),
('eea55f1c4ad3b9eb305c8b357c8fb46a','2019-09-05 22:40:16','2019-11-12 11:27:40','1',NULL,'87ec583e2883cbd2fd259f47ece0fe15','',2799.00,0.00,0.00,5,0.00,0.00,'1','0'),
('ef02e01da25726841bfe823d790afff2','2019-10-27 12:35:20','2019-11-12 11:27:40','1',NULL,'28a43d02e7292131173fd0cc16cf3df8','',3688.00,0.00,0.00,4,0.00,0.00,'1','0'),
('f1e8f2b7de163c57cfd8920bd200a110','2019-08-24 00:45:48','2019-11-12 11:27:40','1',NULL,'','',1500.00,NULL,NULL,5,NULL,NULL,'1','0'),
('f3273ea5922fcdbf67c03eac71f28900','2019-10-27 12:10:08','2019-11-12 11:27:40','1',NULL,'43768c89b11316e1edf56c2fd56f7751','',6888.00,0.00,0.00,1,0.00,0.00,'1','0'),
('f3b7f08030e448c0aaca6895e65aa5e9','2019-09-27 16:55:23','2019-11-12 11:27:40','1',NULL,'6545a6fc2927edc195b93982f446917c','',5488.00,0.00,0.00,8,0.00,0.00,'1','0'),
('f42bda1c9215a878fd49360a7576c913','2019-09-05 22:40:16','2019-11-12 11:27:40','1',NULL,'87ec583e2883cbd2fd259f47ece0fe15','',2799.00,0.00,0.00,7,0.00,0.00,'1','0'),
('f61ee1ed7523bf2e7e44f9101a201f18','2019-09-26 14:09:21','2019-11-12 11:27:40','1',NULL,'c8e43ca96818c00a18072eb0e1c6fe83','',4688.00,0.00,0.00,6,0.00,0.00,'1','0'),
('f645c36b6a4572bcf93640267ef813b0','2019-09-27 16:32:22','2019-11-12 11:27:40','1',NULL,'40759ad0d99420e1c1ed79b67282bd74','',4299.00,0.00,0.00,22,0.00,0.00,'1','0'),
('f7ae49530061bfe7bbc3ffd7dfa9315b','2019-09-05 22:41:10','2019-11-12 11:27:40','1',NULL,'621e6207964c8c08abec45adcc3791dd','',2878.00,0.00,0.00,4,0.00,0.00,'1','0'),
('f987f6a1f92babfeb6ecff2df7f6b899','2019-08-24 00:45:48','2019-11-12 11:27:40','1',NULL,'','',1201.00,NULL,NULL,5,NULL,NULL,'1','0'),
('f9e222e542d9f65325b81c3de0d10f46','2019-10-27 12:35:20','2019-11-12 11:27:40','1',NULL,'28a43d02e7292131173fd0cc16cf3df8','',3988.00,0.00,0.00,999,0.00,0.00,'1','0'),
('fa98cb5f429206ec47c80c1112c6b877','2019-11-12 11:55:44','2019-11-12 11:55:44','1',NULL,'738c5e78eee34bdebf159335d39aa298','',4399.00,NULL,NULL,7,NULL,NULL,'1','0'),
('fccacc0d05946884ece1b14dfe191f4b','2019-09-05 22:37:35','2019-11-12 11:27:40','1',NULL,'7ae8b6d47dabec6fe1dc298475128b21','',3899.00,0.00,0.00,5,0.00,0.00,'1','0'),
('fceea2c825fffc035ddcf7bd971a04cb','2019-09-27 16:54:43','2019-11-12 11:27:40','1',NULL,'32ba699e9c291e801740077ae9a1889e','',0.00,3588.00,0.00,0,0.00,0.00,'1','0');

/*Table structure for table `goods_sku_spec_value` */

DROP TABLE IF EXISTS `goods_sku_spec_value`;

CREATE TABLE `goods_sku_spec_value` (
  `id` varchar(32) CHARACTER SET utf8 COLLATE utf8_general_ci NOT NULL COMMENT 'PK',
  `tenant_id` varchar(32) CHARACTER SET utf8 COLLATE utf8_general_ci NOT NULL COMMENT '所属租户',
  `spu_id` varchar(32) CHARACTER SET utf8 COLLATE utf8_general_ci DEFAULT NULL COMMENT 'spu_id',
  `sku_id` varchar(32) CHARACTER SET utf8 COLLATE utf8_general_ci NOT NULL COMMENT 'sku_id',
  `spec_value_id` varchar(32) CHARACTER SET utf8 COLLATE utf8_general_ci NOT NULL COMMENT '规格值id',
  `create_time` datetime DEFAULT CURRENT_TIMESTAMP COMMENT '创建时间',
  `update_time` datetime DEFAULT NULL ON UPDATE CURRENT_TIMESTAMP COMMENT '更新时间',
  PRIMARY KEY (`id`) USING BTREE,
  KEY `ids_tenant_id` (`tenant_id`) USING BTREE
) ENGINE=InnoDB DEFAULT CHARSET=utf8 ROW_FORMAT=DYNAMIC COMMENT='sku规格值';

/*Data for the table `goods_sku_spec_value` */

insert  into `goods_sku_spec_value`(`id`,`tenant_id`,`spu_id`,`sku_id`,`spec_value_id`,`create_time`,`update_time`) values 
('007eadbfe581c0950e4d033764b30fd9','1','28a43d02e7292131173fd0cc16cf3df8','f9e222e542d9f65325b81c3de0d10f46','b8b3ece7283992f1c42826542eb98a43','2019-10-27 12:35:20',NULL),
('01f48e778a0516c46ffda66319521e67','1','c8e43ca96818c00a18072eb0e1c6fe83','622bc3b2538c584ebdcc0318ff29a2e1','da0b3c06d18c677984f1b37655aa4505','2019-09-26 14:09:21',NULL),
('0258a7c910d91cce2cf43daf6f84a25f','1','a7f09db88c956e0c6ba3323420b6fae8','434333506a51f8ed4319c32d619f0653','f53488c6a79e795ba288d1279a5f98e7','2019-10-27 12:25:29',NULL),
('034f2184bdd791b4bf0910f55305acd9','1','738c5e78eee34bdebf159335d39aa298','bde96dde2e5b9673758324a2d071426d','b50258dcbe378145b0159b4cdf89202e','2019-11-12 11:55:44',NULL),
('050484658d1caf3c21e2ec5dd3c5ca04','1','6545a6fc2927edc195b93982f446917c','5002eafdeca30f4c590b3288de5fa217','cba677f619061b9c326c15d8eceeb31e','2019-09-27 16:55:23',NULL),
('061fcffa0ad4dcc3c003b06f52fbac66','1','2835671ff031c18cb181b1a199f86b01','10f415b0cd746ebf764acc3a6a4d13a2','e14c2a907231c2bd0d484a9cdc1fb557','2019-10-11 14:28:18',NULL),
('06bcc2145db9649eb5bf40bd84771506','1','ff3d6dd5a37ff42e2b67b87bd12d1d01','2467663a7b6432b726d5205088445559','5de5789a394b2ff6fae227547e59d871','2019-09-27 16:25:10',NULL),
('06d87fc7bc278476763194daf42f1417','1','621e6207964c8c08abec45adcc3791dd','08ab261dd440c6040a14f68678a4bc18','694d1ae3ffb4d03111a5b901cf1e1a8a','2019-09-05 22:41:10',NULL),
('07454f498595d09142d15511800eec02','1','58c12341a226b641435b9aa435a1133c','e03c10e9f30a99456d46b7e625028751','694d1ae3ffb4d03111a5b901cf1e1a8a','2019-09-27 16:55:41',NULL),
('0887ff86c2acd483b9ca5c13d69f997b','1','738c5e78eee34bdebf159335d39aa298','62e14ab3abaf8d131ab2669c02ce995f','63fc0234dc4ebcc9553ab576b36167d2','2019-11-12 11:55:44',NULL),
('0928d4c659f8260f1c7d4811a2872c16','1','a6a347b17dd360c30d792638a956d0e7','bd8e1fc217a7b9477dc7a8551dcc5f28','414571f4d40c91b2be1d5039341fb080','2019-09-10 17:13:09',NULL),
('096e1f3b31ce894bd0395a630f376366','1','a7f09db88c956e0c6ba3323420b6fae8','bc5ff3c915c1b633c16a60f4433deb2a','da0b3c06d18c677984f1b37655aa4505','2019-10-27 12:25:29',NULL),
('0af742f80030321f0c39645676dd3c0e','1','a7f09db88c956e0c6ba3323420b6fae8','b37ebf32ccd737cb3b55af7285a99d67','cba677f619061b9c326c15d8eceeb31e','2019-10-27 12:25:29',NULL),
('0baaa846572ab138435409f7a85eec40','1','28a43d02e7292131173fd0cc16cf3df8','8ccfb6b00d71d90b3ff913288e60012c','316bf47699774271e344253021b48b47','2019-10-27 12:35:20',NULL),
('0cc9b008ec6f62a9ad215ebadc85e6f9','1','2835671ff031c18cb181b1a199f86b01','5033e1f2bfa07231d1c2045392fa2f93','958aad754214368594a38428bc09defd','2019-10-11 14:28:18',NULL),
('11210c92a0c91ecb9acdcdb13170ec33','1','5c931915ee4ad040732a56d039c0f539','d5928316b4ab54adeefdd179a881bac6','62de70420a9be05b6fbcf3e1c818e0de','2019-09-19 17:30:08',NULL),
('119e77185b24cb716eafc8a4bb18568e','1','43768c89b11316e1edf56c2fd56f7751','f3273ea5922fcdbf67c03eac71f28900','59df0a8135ab62ba610a84b97fb71fb5','2019-10-27 12:10:08',NULL),
('143849c59f04dee8caccb8d97b0aec39','1','a6a347b17dd360c30d792638a956d0e7','57c5e70e67eff86a1b8802203617feb7','694d1ae3ffb4d03111a5b901cf1e1a8a','2019-09-10 17:13:09',NULL),
('165b9935c949865eceb4b02365558c46','1','a6a347b17dd360c30d792638a956d0e7','7039045b9e36aed7bb2091ae8ad3e14b','e0b840a51e251badb5606d5ce1faa695','2019-09-10 17:13:09',NULL),
('168df6d241ba48cfefaa8da659604bf3','1','28a43d02e7292131173fd0cc16cf3df8','629400d6176ac617267ab175b07706bf','e0b840a51e251badb5606d5ce1faa695','2019-10-27 12:35:20',NULL),
('16a8a558aa016e7d11ae29b9a1653eff','1','28a43d02e7292131173fd0cc16cf3df8','00bce2f5d54a4c0381b0515d88b29578','c08a41bfa243e6ea121a0f0c3050517e','2019-10-27 12:35:20',NULL),
('18c39b107230b3dbd58b15ad10517176','1','621e6207964c8c08abec45adcc3791dd','08ab261dd440c6040a14f68678a4bc18','e0b840a51e251badb5606d5ce1faa695','2019-09-05 22:41:10',NULL),
('19b3e05f809ede28e8f9c4455274388e','1','58c12341a226b641435b9aa435a1133c','8e18384c180c8b6eb2beb1f52c5c3c50','59df0a8135ab62ba610a84b97fb71fb5','2019-09-27 16:55:41',NULL),
('1a594e62e403044a78c0a02bb5cde0f1','1','28a43d02e7292131173fd0cc16cf3df8','629400d6176ac617267ab175b07706bf','316bf47699774271e344253021b48b47','2019-10-27 12:35:20',NULL),
('1b89434d3eea3a9056e10eacc3aaaafb','1','87ec583e2883cbd2fd259f47ece0fe15','2db22126dc5c251de13064fe12ebfb62','e0b840a51e251badb5606d5ce1faa695','2019-09-05 22:40:16',NULL),
('1be27c1acdc3b914f34bb5e738bbb3ff','1','87ec583e2883cbd2fd259f47ece0fe15','9211ed74de18ec2d044377163ba6ad90','ed144c2c87660ead15b4784ed8df5d63','2019-09-05 22:40:16',NULL),
('1bf18cd378b7ad42b2eb116f6ce3b6ac','1','738c5e78eee34bdebf159335d39aa298','960034c61ead0ba0e7f705bc7775538f','e0b840a51e251badb5606d5ce1faa695','2019-11-12 11:55:44',NULL),
('1c9b8804144c173e68358d91564ae166','1','5c931915ee4ad040732a56d039c0f539','5110b952e15de4689aaa57662a342b07','e0b840a51e251badb5606d5ce1faa695','2019-09-19 17:30:08',NULL),
('1d0204b35377dff7d9e0425a86f8bb8f','1','a7f09db88c956e0c6ba3323420b6fae8','b2193b078940180d598abde13dec7a94','cba677f619061b9c326c15d8eceeb31e','2019-10-27 12:25:29',NULL),
('1d3f7e9063cfc4ec8a03778dc40ec445','1','c8e43ca96818c00a18072eb0e1c6fe83','31ce52f7b6fd0dbe7770bc72b24d85f3','b50258dcbe378145b0159b4cdf89202e','2019-09-26 14:09:21',NULL),
('1d8af12a8f218646d52183abb9babc10','1','a6a347b17dd360c30d792638a956d0e7','bd8e1fc217a7b9477dc7a8551dcc5f28','e0b840a51e251badb5606d5ce1faa695','2019-09-10 17:13:09',NULL),
('1db2d4e8b871686265628fe80b508ed5','1','621e6207964c8c08abec45adcc3791dd','f7ae49530061bfe7bbc3ffd7dfa9315b','e0b840a51e251badb5606d5ce1faa695','2019-09-05 22:41:10',NULL),
('1eb7260d55a9269c06bd3fafc5ee9616','1','6545a6fc2927edc195b93982f446917c','7feea846da4bfd3e2dc1c5c41184cd40','da0b3c06d18c677984f1b37655aa4505','2019-09-27 16:55:23',NULL),
('1eb8b6c54f9935d5c8803b1efcc5dcc3','1','5c931915ee4ad040732a56d039c0f539','0b9f9a54fe4bafb5390349f153d06b77','ed144c2c87660ead15b4784ed8df5d63','2019-09-19 17:30:08',NULL),
('204a28ca44d4defd49689ff7a85b9f52','1','28a43d02e7292131173fd0cc16cf3df8','030365cfa79ad1a3c1d34af1fba6e8d5','37251998ff4119058821e0f5ec0d282a','2019-10-27 12:35:20',NULL),
('22b7508450db9600159d40b65bb75acf','1','32ba699e9c291e801740077ae9a1889e','fceea2c825fffc035ddcf7bd971a04cb','694d1ae3ffb4d03111a5b901cf1e1a8a','2019-09-27 16:54:43',NULL),
('22e62c6248d2ba577b15220dd23e22a3','1','6545a6fc2927edc195b93982f446917c','3c56e0951df15b44cfc121cf61c33829','cba677f619061b9c326c15d8eceeb31e','2019-09-27 16:55:23',NULL),
('2353e61babe207af4ec83c78e3e665e6','1','7ae8b6d47dabec6fe1dc298475128b21','85da7d03d41992a66f8a60d399ad1264','f53488c6a79e795ba288d1279a5f98e7','2019-09-05 22:37:35',NULL),
('239fbb51cb5ba20c130d9b55f9f1d957','1','3d2c153cb94c0a3fa24fc07f47dd801d','c66b30ce583ec53e13f8add38a5bb223','59df0a8135ab62ba610a84b97fb71fb5','2019-09-27 16:09:43',NULL),
('240e0517e67f7f065b8b34b358c4e3b1','1','1b46c10d275262533b352329cc6d3af0','5a0a1c24928af80a732cd179faac2d58','54b91be8f9d4a73e54b9a2488ae6cda5','2019-09-27 16:53:33',NULL),
('26c0c164e420ed7bdd15a38471f16aa7','1','6545a6fc2927edc195b93982f446917c','278357f4667ba6677c9936e33b94bfdd','da0b3c06d18c677984f1b37655aa4505','2019-09-27 16:55:23',NULL),
('277b336557179eda993fe75c2526d5d1','1','738c5e78eee34bdebf159335d39aa298','9326ee92625645fd27ab5a79ba057934','da0b3c06d18c677984f1b37655aa4505','2019-11-12 11:55:44',NULL),
('29cff1059d603e3f3a693ebd8b43c513','1','28a43d02e7292131173fd0cc16cf3df8','b8bb6f31eb6b6070760bea1e1fc3a200','b8b3ece7283992f1c42826542eb98a43','2019-10-27 12:35:20',NULL),
('2bd39a08e6038916a7438531ae7e3d60','1','a6a347b17dd360c30d792638a956d0e7','6891bfaf1109cdcaa5385bd39e07b457','694d1ae3ffb4d03111a5b901cf1e1a8a','2019-09-10 17:13:09',NULL),
('2ce0cf0809a2eb2f3dd260c61532c33c','1','28a43d02e7292131173fd0cc16cf3df8','ac891d03cc5a17e3b198037b5d7ef632','c08a41bfa243e6ea121a0f0c3050517e','2019-10-27 12:35:20',NULL),
('2d4b9cc390c74183f89f428d7d50e677','1','621e6207964c8c08abec45adcc3791dd','d231471ce174ffbaf9ce196878334856','da0b3c06d18c677984f1b37655aa4505','2019-09-05 22:41:10',NULL),
('2ebd98621da4744bd6b200976b242d8c','1','6545a6fc2927edc195b93982f446917c','5002eafdeca30f4c590b3288de5fa217','f53488c6a79e795ba288d1279a5f98e7','2019-09-27 16:55:23',NULL),
('2f74bf10ff216ecc844e234a0ad20390','1','87ec583e2883cbd2fd259f47ece0fe15','eea55f1c4ad3b9eb305c8b357c8fb46a','694d1ae3ffb4d03111a5b901cf1e1a8a','2019-09-05 22:40:16',NULL),
('3175c7ffaacfbef0432afe8948a8cde6','1','28a43d02e7292131173fd0cc16cf3df8','00bce2f5d54a4c0381b0515d88b29578','e0b840a51e251badb5606d5ce1faa695','2019-10-27 12:35:20',NULL),
('3294bd4196f3529c09393f353a2830fb','1','2835671ff031c18cb181b1a199f86b01','5033e1f2bfa07231d1c2045392fa2f93','4','2019-10-11 14:28:18',NULL),
('3315b4cc427f472ae1bb30783c2c5f96','1','7ae8b6d47dabec6fe1dc298475128b21','6381b121ddaef02532bb72e1a7a35947','e0b840a51e251badb5606d5ce1faa695','2019-09-05 22:37:35',NULL),
('33b86e443e8c85966e328470cddd2dbc','1','28a43d02e7292131173fd0cc16cf3df8','030365cfa79ad1a3c1d34af1fba6e8d5','d96a8197252a4d260c7868ddbea5e0ea','2019-10-27 12:35:20',NULL),
('33d4e65ee9efa76f775ceed09b661af7','1','28a43d02e7292131173fd0cc16cf3df8','3b8f04140f7afa28046809f68beb320d','e0b840a51e251badb5606d5ce1faa695','2019-10-27 12:35:20',NULL),
('35652cc27825b16b004775cb03e0bba5','1','28a43d02e7292131173fd0cc16cf3df8','c8b8689a6cad4ed49d087b238ba18821','e0b840a51e251badb5606d5ce1faa695','2019-10-27 12:35:20',NULL),
('35904b3a9f84bada88eb36006632ddc3','1','7ae8b6d47dabec6fe1dc298475128b21','fccacc0d05946884ece1b14dfe191f4b','f53488c6a79e795ba288d1279a5f98e7','2019-09-05 22:37:35',NULL),
('3652067c452a6b159ecaaa87a06c8fc3','1','a7f09db88c956e0c6ba3323420b6fae8','434333506a51f8ed4319c32d619f0653','da0b3c06d18c677984f1b37655aa4505','2019-10-27 12:25:29',NULL),
('379b6457466d53876db106b8e5693256','1','40759ad0d99420e1c1ed79b67282bd74','6b18b7db33857f362830a0287a781188','219547f11911619c247414314762b5eb','2019-09-27 16:32:22',NULL),
('37e760da98abbec9291970164dc8218b','1','c8e43ca96818c00a18072eb0e1c6fe83','818f9433a92769db51c861b05faa61f5','e0b840a51e251badb5606d5ce1faa695','2019-09-26 14:09:21',NULL),
('3893d308172c7493457dcd6b4e728016','1','c8e43ca96818c00a18072eb0e1c6fe83','e5f6aa808905bfdc0c37a08f988a5b2f','63fc0234dc4ebcc9553ab576b36167d2','2019-09-26 14:09:21',NULL),
('390551212219b91a916a6644c328dad9','1','2835671ff031c18cb181b1a199f86b01','106c4dc9184da01ce15e26f4256560d4','e14c2a907231c2bd0d484a9cdc1fb557','2019-10-11 14:28:18',NULL),
('3a1a8ec2c3486f936099d492f90b6beb','1','7ae8b6d47dabec6fe1dc298475128b21','b015d0a4cb2f6acd7fd1cb0b7504841b','694d1ae3ffb4d03111a5b901cf1e1a8a','2019-09-05 22:37:35',NULL),
('3cf7be0cfbe7c6fbffc10cb783316ff3','1','a7f09db88c956e0c6ba3323420b6fae8','b2193b078940180d598abde13dec7a94','ed144c2c87660ead15b4784ed8df5d63','2019-10-27 12:25:29',NULL),
('3d2ad0acdd9695d7ea881c9131b7ddfe','1','28a43d02e7292131173fd0cc16cf3df8','629400d6176ac617267ab175b07706bf','bbe044bc2ba48270e27901732624d710','2019-10-27 12:35:20',NULL),
('3dd0e7c6f7bf6125d62d1bf1c42f4a8f','1','fbeaa277979be8cbaee8ab7fe3734f2f','1139130ff262b521cd3195db3c0ceddb','2','2019-09-27 16:10:00',NULL),
('3e4d708481ad7b9fb425c0487eb02c26','1','5c931915ee4ad040732a56d039c0f539','9da501bd371c5ad333a3f01afc2cfa1e','e0b840a51e251badb5606d5ce1faa695','2019-09-19 17:30:08',NULL),
('3eb4e81f760d07bf67ab85a8a6de4129','1','6545a6fc2927edc195b93982f446917c','f3b7f08030e448c0aaca6895e65aa5e9','cba677f619061b9c326c15d8eceeb31e','2019-09-27 16:55:23',NULL),
('3fa04cc5eee99a5a67361139a6bc710a','1','6545a6fc2927edc195b93982f446917c','f3b7f08030e448c0aaca6895e65aa5e9','da0b3c06d18c677984f1b37655aa4505','2019-09-27 16:55:23',NULL),
('3fbf131b699848dcdc86a2b5fcc4742b','1','32ba699e9c291e801740077ae9a1889e','64c9bd0cfef46a48ec235b390f33ab2b','e0b840a51e251badb5606d5ce1faa695','2019-09-27 16:54:43',NULL),
('40b0fff169281b584d9f018a57b24116','1','a7f09db88c956e0c6ba3323420b6fae8','b37ebf32ccd737cb3b55af7285a99d67','694d1ae3ffb4d03111a5b901cf1e1a8a','2019-10-27 12:25:29',NULL),
('40ea6e7fc1efe2c715d08d2f3198a51f','1','a7f09db88c956e0c6ba3323420b6fae8','285406920f35e70ff978da36b44c304f','62de70420a9be05b6fbcf3e1c818e0de','2019-10-27 12:25:29',NULL),
('4128d08ade4b885c174ea74c0a06d1e8','1','87ec583e2883cbd2fd259f47ece0fe15','401c62d0a62226e6209728629645677d','da0b3c06d18c677984f1b37655aa4505','2019-09-05 22:40:16',NULL),
('413cc3cb76145f2612f2ae67eb3a152d','1','a7f09db88c956e0c6ba3323420b6fae8','bc5ff3c915c1b633c16a60f4433deb2a','cba677f619061b9c326c15d8eceeb31e','2019-10-27 12:25:29',NULL),
('4192b9621ea857508768e63e157717b9','1','738c5e78eee34bdebf159335d39aa298','68a16b94092b49f7e50d268b395b7fec','b50258dcbe378145b0159b4cdf89202e','2019-11-12 11:55:44',NULL),
('41b314be222c8364bdea84bfac92776a','1','2835671ff031c18cb181b1a199f86b01','5a61a7876305b760efa8abe04b912a8b','e14c2a907231c2bd0d484a9cdc1fb557','2019-10-11 14:28:18',NULL),
('4416cd6858e3b934b6634df55d71c20a','1','28a43d02e7292131173fd0cc16cf3df8','796f71714f40d05396df7ea6e51f5bb9','c08a41bfa243e6ea121a0f0c3050517e','2019-10-27 12:35:20',NULL),
('4679ca04cd0d6a974fa11f12b414873a','1','58c12341a226b641435b9aa435a1133c','8e18384c180c8b6eb2beb1f52c5c3c50','1','2019-09-27 16:55:41',NULL),
('47c2282dd842c5150d9ee7de43f14a6a','1','28a43d02e7292131173fd0cc16cf3df8','1f53c967ef613e8469d3740131a3fcb3','f53488c6a79e795ba288d1279a5f98e7','2019-10-27 12:35:20',NULL),
('48ae884f257f0e01c19f0c03d421e2b3','1','c8e43ca96818c00a18072eb0e1c6fe83','e5f6aa808905bfdc0c37a08f988a5b2f','694d1ae3ffb4d03111a5b901cf1e1a8a','2019-09-26 14:09:21',NULL),
('48f9d3ddc60cd02e96ada5ed0bc23432','1','28a43d02e7292131173fd0cc16cf3df8','ac891d03cc5a17e3b198037b5d7ef632','d96a8197252a4d260c7868ddbea5e0ea','2019-10-27 12:35:20',NULL),
('4fa2aac692bae2fa0d22395f7d1f10e9','1','738c5e78eee34bdebf159335d39aa298','fa98cb5f429206ec47c80c1112c6b877','da0b3c06d18c677984f1b37655aa4505','2019-11-12 11:55:44',NULL),
('4fbf8451d70cf78b43627919148a5271','1','58c12341a226b641435b9aa435a1133c','0deafa0838dd542aba60900f9e8d3bb6','e0b840a51e251badb5606d5ce1faa695','2019-09-27 16:55:41',NULL),
('50d5a9f4dcbeca10737b8a604faeb7ac','1','621e6207964c8c08abec45adcc3791dd','d231471ce174ffbaf9ce196878334856','f53488c6a79e795ba288d1279a5f98e7','2019-09-05 22:41:10',NULL),
('50f5827d7eb8e7651a6ee44450d89d81','1','2835671ff031c18cb181b1a199f86b01','954060498a28ba885c504d9e9234a009','1','2019-10-11 14:28:18',NULL),
('523eb0f4b1eeca4a584179f827b8f74e','1','2835671ff031c18cb181b1a199f86b01','106c4dc9184da01ce15e26f4256560d4','4','2019-10-11 14:28:18',NULL),
('540760f9ec5952dd3e2d57f96253e0b2','1','28a43d02e7292131173fd0cc16cf3df8','b8bb6f31eb6b6070760bea1e1fc3a200','e0b840a51e251badb5606d5ce1faa695','2019-10-27 12:35:20',NULL),
('55eb9a70379a0d2c143aee2113c8c0a0','1','5c931915ee4ad040732a56d039c0f539','0bf8dafd73723da6ae2b8d25bd08d8a0','694d1ae3ffb4d03111a5b901cf1e1a8a','2019-09-19 17:30:08',NULL),
('564199e90c53e21a64037940edd76025','1','738c5e78eee34bdebf159335d39aa298','bde96dde2e5b9673758324a2d071426d','da0b3c06d18c677984f1b37655aa4505','2019-11-12 11:55:44',NULL),
('56aa95cba3508f1a0272fa6fd6b4e621','1','32ba699e9c291e801740077ae9a1889e','fceea2c825fffc035ddcf7bd971a04cb','5a1eb958744e4b59f0e2f4da15958c57','2019-09-27 16:54:43',NULL),
('56b9b1e64b8e91d1e4870f213382c88f','1','a6a347b17dd360c30d792638a956d0e7','bd8e1fc217a7b9477dc7a8551dcc5f28','694d1ae3ffb4d03111a5b901cf1e1a8a','2019-09-10 17:13:09',NULL),
('577a31b4cd8326928050593c3d42885a','1','5c931915ee4ad040732a56d039c0f539','0bf8dafd73723da6ae2b8d25bd08d8a0','62de70420a9be05b6fbcf3e1c818e0de','2019-09-19 17:30:08',NULL),
('595277aebde9842340754143420b10f7','1','2835671ff031c18cb181b1a199f86b01','b139d9185833c938e4340e3a181b245a','e14c2a907231c2bd0d484a9cdc1fb557','2019-10-11 14:28:18',NULL),
('596c3ff2b06ebbeac512a8ba927afd1f','1','5c931915ee4ad040732a56d039c0f539','5110b952e15de4689aaa57662a342b07','ed144c2c87660ead15b4784ed8df5d63','2019-09-19 17:30:08',NULL),
('5998f47374b40289236b587b6037c26f','1','c8e43ca96818c00a18072eb0e1c6fe83','622bc3b2538c584ebdcc0318ff29a2e1','4f49ae1a8442793b5d5564f65c910d94','2019-09-26 14:09:21',NULL),
('5a0a386e495ac91ace08a0f54ec60474','1','43768c89b11316e1edf56c2fd56f7751','37a22f1afeef4c7e73501403f0c15468','568e18093656647e8a6ce349d1a81181','2019-10-27 12:10:08',NULL),
('5b08bf433e797099150770e3bc2d3489','1','28a43d02e7292131173fd0cc16cf3df8','81cc4c7c90f3b497b27dcd51b810faa4','316bf47699774271e344253021b48b47','2019-10-27 12:35:20',NULL),
('5b32596fa9ac1b5376501c1630b80882','1','2835671ff031c18cb181b1a199f86b01','416ab6fc443778d2a9fc5e7f4a9b0e00','1','2019-10-11 14:28:18',NULL),
('5bbaa840bbe284e0061d9a778e08e1ec','1','87ec583e2883cbd2fd259f47ece0fe15','f42bda1c9215a878fd49360a7576c913','e0b840a51e251badb5606d5ce1faa695','2019-09-05 22:40:16',NULL),
('5bf64b7ae37d2312d5d12e9baa0732c0','1','28a43d02e7292131173fd0cc16cf3df8','cae1ef8086573a965f711278aec76dac','f53488c6a79e795ba288d1279a5f98e7','2019-10-27 12:35:20',NULL),
('5ccde1003ce2f6f15498ef98875ff0c1','1','5c931915ee4ad040732a56d039c0f539','0b9f9a54fe4bafb5390349f153d06b77','e0b840a51e251badb5606d5ce1faa695','2019-09-19 17:30:08',NULL),
('5e1e1313589455c861ba9d76b679351c','1','738c5e78eee34bdebf159335d39aa298','fa98cb5f429206ec47c80c1112c6b877','63fc0234dc4ebcc9553ab576b36167d2','2019-11-12 11:55:44',NULL),
('5f9410d07ac1ccc2f8b9f3ce606dba13','1','7ae8b6d47dabec6fe1dc298475128b21','6fb2c9c6dc458ab030e7504d9be41043','63fc0234dc4ebcc9553ab576b36167d2','2019-09-05 22:37:35',NULL),
('60103efa476fe795dd0909f2c36947e4','1','a7f09db88c956e0c6ba3323420b6fae8','434333506a51f8ed4319c32d619f0653','cba677f619061b9c326c15d8eceeb31e','2019-10-27 12:25:29',NULL),
('60841b082e52de765915af5027bb2bd9','1','28a43d02e7292131173fd0cc16cf3df8','00bce2f5d54a4c0381b0515d88b29578','63fc0234dc4ebcc9553ab576b36167d2','2019-10-27 12:35:20',NULL),
('60b03e5656bd569b362958fed289332e','1','2835671ff031c18cb181b1a199f86b01','10f415b0cd746ebf764acc3a6a4d13a2','5','2019-10-11 14:28:18',NULL),
('60ef7879954d3be6b501ad7fe6d8b93b','1','87ec583e2883cbd2fd259f47ece0fe15','401c62d0a62226e6209728629645677d','e0b840a51e251badb5606d5ce1faa695','2019-09-05 22:40:16',NULL),
('61f18cf2c68f3dace2f3fba8cc059fc4','1','c8e43ca96818c00a18072eb0e1c6fe83','818f9433a92769db51c861b05faa61f5','f53488c6a79e795ba288d1279a5f98e7','2019-09-26 14:09:21',NULL),
('621b8a2e24e42fd3c843508e3013fc30','1','c8e43ca96818c00a18072eb0e1c6fe83','31ce52f7b6fd0dbe7770bc72b24d85f3','da0b3c06d18c677984f1b37655aa4505','2019-09-26 14:09:21',NULL),
('62360f95968f3c5aaef6211c7d83e4ab','1','c8e43ca96818c00a18072eb0e1c6fe83','f61ee1ed7523bf2e7e44f9101a201f18','f53488c6a79e795ba288d1279a5f98e7','2019-09-26 14:09:21',NULL),
('62dd221abf4da12200ba51b69480a166','1','621e6207964c8c08abec45adcc3791dd','8238fa03b3b03e122c5681587bd24261','da0b3c06d18c677984f1b37655aa4505','2019-09-05 22:41:10',NULL),
('63284ba6b58ed4e42b2a922023b56417','1','c8e43ca96818c00a18072eb0e1c6fe83','818f9433a92769db51c861b05faa61f5','da0b3c06d18c677984f1b37655aa4505','2019-09-26 14:09:21',NULL),
('638488c844fe30580c440297b2b7d450','1','40759ad0d99420e1c1ed79b67282bd74','c6343fadd0aa6ed387986ef61e59c6a7','958aad754214368594a38428bc09defd','2019-09-27 16:32:22',NULL),
('6390ba95c1d04aaf5ec56b9ba3375c33','1','2835671ff031c18cb181b1a199f86b01','b139d9185833c938e4340e3a181b245a','2','2019-10-11 14:28:18',NULL),
('65c53469a19cf7a3111de64452cb03c5','1','738c5e78eee34bdebf159335d39aa298','960034c61ead0ba0e7f705bc7775538f','ed144c2c87660ead15b4784ed8df5d63','2019-11-12 11:55:44',NULL),
('66adef61cdc5fe5e869138df61bf6d0f','1','28a43d02e7292131173fd0cc16cf3df8','cae1ef8086573a965f711278aec76dac','e0b840a51e251badb5606d5ce1faa695','2019-10-27 12:35:20',NULL),
('67e14d0db5a1420b263729589ee92804','1','c8e43ca96818c00a18072eb0e1c6fe83','f61ee1ed7523bf2e7e44f9101a201f18','e0b840a51e251badb5606d5ce1faa695','2019-09-26 14:09:21',NULL),
('6847673092174927e27b39e19404f755','1','621e6207964c8c08abec45adcc3791dd','50efed2eba7346041d30358124177e11','694d1ae3ffb4d03111a5b901cf1e1a8a','2019-09-05 22:41:10',NULL),
('6ab555931c27b967a03e08c6a9c0cf20','1','a7f09db88c956e0c6ba3323420b6fae8','b37ebf32ccd737cb3b55af7285a99d67','f53488c6a79e795ba288d1279a5f98e7','2019-10-27 12:25:29',NULL),
('6ae4f65beeca32e8b594176b66cc16c2','1','7ae8b6d47dabec6fe1dc298475128b21','85da7d03d41992a66f8a60d399ad1264','694d1ae3ffb4d03111a5b901cf1e1a8a','2019-09-05 22:37:35',NULL),
('6c16dccac463787f959fa9ff3795ec07','1','738c5e78eee34bdebf159335d39aa298','62e14ab3abaf8d131ab2669c02ce995f','694d1ae3ffb4d03111a5b901cf1e1a8a','2019-11-12 11:55:44',NULL),
('6c77954a25755e238643468aac2a2594','1','87ec583e2883cbd2fd259f47ece0fe15','f42bda1c9215a878fd49360a7576c913','62de70420a9be05b6fbcf3e1c818e0de','2019-09-05 22:40:16',NULL),
('6dc989c8a9b3f0a96b9a2a0d3571fd7c','1','c8e43ca96818c00a18072eb0e1c6fe83','31ce52f7b6fd0dbe7770bc72b24d85f3','e0b840a51e251badb5606d5ce1faa695','2019-09-26 14:09:21',NULL),
('6e3131768222374e10bdff808fda3c07','1','a6a347b17dd360c30d792638a956d0e7','57c5e70e67eff86a1b8802203617feb7','e0b840a51e251badb5606d5ce1faa695','2019-09-10 17:13:09',NULL),
('6e8142b9e7c832ee7c5d10c5df217a0b','1','c8e43ca96818c00a18072eb0e1c6fe83','3e3dffe80fce25ef829124adbd74a895','e0b840a51e251badb5606d5ce1faa695','2019-09-26 14:09:21',NULL),
('6fa8952a9e28203e108948fc787c56ee','1','28a43d02e7292131173fd0cc16cf3df8','b3cfdef62cc4b5589bbf4ebcd1255d83','e0b840a51e251badb5606d5ce1faa695','2019-10-27 12:35:20',NULL),
('7112f49b0862607c3bc155464d7bb762','1','87ec583e2883cbd2fd259f47ece0fe15','2db22126dc5c251de13064fe12ebfb62','62de70420a9be05b6fbcf3e1c818e0de','2019-09-05 22:40:16',NULL),
('7441715fdd78c92be73e33942c4972d6','1','28a43d02e7292131173fd0cc16cf3df8','6fe19b2d6cd0cfa9900ce7a614003b07','316bf47699774271e344253021b48b47','2019-10-27 12:35:20',NULL),
('74f632e809f4b2120c1df518f7c167a5','1','7ae8b6d47dabec6fe1dc298475128b21','b015d0a4cb2f6acd7fd1cb0b7504841b','e0b840a51e251badb5606d5ce1faa695','2019-09-05 22:37:35',NULL),
('75411f5e8b189481834ff623000d19c3','1','2835671ff031c18cb181b1a199f86b01','5033e1f2bfa07231d1c2045392fa2f93','2','2019-10-11 14:28:18',NULL),
('75b2ec191ecc8777869fee2dfba37112','1','a6a347b17dd360c30d792638a956d0e7','57c5e70e67eff86a1b8802203617feb7','5a1eb958744e4b59f0e2f4da15958c57','2019-09-10 17:13:09',NULL),
('7650a24626a432815d30ee90afd1c57e','1','7ae8b6d47dabec6fe1dc298475128b21','fccacc0d05946884ece1b14dfe191f4b','1','2019-09-05 22:37:35',NULL),
('78a84ff66e9891a6f87eb78f6d246ab1','1','28a43d02e7292131173fd0cc16cf3df8','5a2b3c606fada8b8537f136058ca21d0','bbe044bc2ba48270e27901732624d710','2019-10-27 12:35:20',NULL),
('7928c05f05c98f2e53475502ec4535e8','1','28a43d02e7292131173fd0cc16cf3df8','ac891d03cc5a17e3b198037b5d7ef632','e0b840a51e251badb5606d5ce1faa695','2019-10-27 12:35:20',NULL),
('7aade4ecedc76013e3373253802ea9ed','1','28a43d02e7292131173fd0cc16cf3df8','81cc4c7c90f3b497b27dcd51b810faa4','e0b840a51e251badb5606d5ce1faa695','2019-10-27 12:35:20',NULL),
('7b08009cf74c7d6f8fd093e4a47436c0','1','a7f09db88c956e0c6ba3323420b6fae8','8b05c06072f7035e4fdea8fa4953be9d','62de70420a9be05b6fbcf3e1c818e0de','2019-10-27 12:25:29',NULL),
('7b20c28d37cb7d53014eef51e03ff8d3','1','621e6207964c8c08abec45adcc3791dd','8238fa03b3b03e122c5681587bd24261','ed144c2c87660ead15b4784ed8df5d63','2019-09-05 22:41:10',NULL),
('7b5911b2d0f6eead097166cbefc0ee26','1','6545a6fc2927edc195b93982f446917c','f3b7f08030e448c0aaca6895e65aa5e9','f53488c6a79e795ba288d1279a5f98e7','2019-09-27 16:55:23',NULL),
('7b689d0426c4e593d6cd6af7d1e89ec5','1','621e6207964c8c08abec45adcc3791dd','f7ae49530061bfe7bbc3ffd7dfa9315b','62de70420a9be05b6fbcf3e1c818e0de','2019-09-05 22:41:10',NULL),
('7b8d802331777b6d27102b410f6b5c2b','1','738c5e78eee34bdebf159335d39aa298','bde96dde2e5b9673758324a2d071426d','e0b840a51e251badb5606d5ce1faa695','2019-11-12 11:55:44',NULL),
('7d9d7454d22cd7782b4780bf6fee9464','1','28a43d02e7292131173fd0cc16cf3df8','62983da7f4bdac15e6a0e1bc35df2a02','9fe64e448e64401d325f2731c0366d62','2019-10-27 12:35:20',NULL),
('7fc9e431b66bafab33badc0a590d2b43','1','40759ad0d99420e1c1ed79b67282bd74','ad21c33671eed52979176e33de427255','958aad754214368594a38428bc09defd','2019-09-27 16:32:22',NULL),
('8230b4e9abd37cd255b76d31c3cd4fb7','1','738c5e78eee34bdebf159335d39aa298','9326ee92625645fd27ab5a79ba057934','e0b840a51e251badb5606d5ce1faa695','2019-11-12 11:55:44',NULL),
('823d14831d8db1595e8d1e9f7f9615af','1','5c931915ee4ad040732a56d039c0f539','7284aa3282fa86d8a0fb048750800f7f','f53488c6a79e795ba288d1279a5f98e7','2019-09-19 17:30:08',NULL),
('8268386c6ce9ba571f18bbb1bee3c96c','1','28a43d02e7292131173fd0cc16cf3df8','8ccfb6b00d71d90b3ff913288e60012c','c08a41bfa243e6ea121a0f0c3050517e','2019-10-27 12:35:20',NULL),
('83618bc573ef5108953bbdd309196b9b','1','28a43d02e7292131173fd0cc16cf3df8','796f71714f40d05396df7ea6e51f5bb9','f53488c6a79e795ba288d1279a5f98e7','2019-10-27 12:35:20',NULL),
('83fc383f582dff425f4a38818478fb3b','1','2835671ff031c18cb181b1a199f86b01','416ab6fc443778d2a9fc5e7f4a9b0e00','5','2019-10-11 14:28:18',NULL),
('83fde19792b3193c4a07e1b192392872','1','2835671ff031c18cb181b1a199f86b01','b139d9185833c938e4340e3a181b245a','5','2019-10-11 14:28:18',NULL),
('849bc467aaf19755b8e0eeeee275b683','1','621e6207964c8c08abec45adcc3791dd','3feb9274436f339c297e29571436c585','62de70420a9be05b6fbcf3e1c818e0de','2019-09-05 22:41:10',NULL),
('84fd5ce2f55a8e32a97992cd3d0f0ca4','1','28a43d02e7292131173fd0cc16cf3df8','3b8f04140f7afa28046809f68beb320d','b8b3ece7283992f1c42826542eb98a43','2019-10-27 12:35:20',NULL),
('8682653d24733f95518bc9a266856091','1','28a43d02e7292131173fd0cc16cf3df8','98cc267a3d057a1dc7da08fdb956243c','e0b840a51e251badb5606d5ce1faa695','2019-10-27 12:35:20',NULL),
('8824040cfccfe77c4f0ed937d183cfd3','1','7ae8b6d47dabec6fe1dc298475128b21','6381b121ddaef02532bb72e1a7a35947','1','2019-09-05 22:37:35',NULL),
('8864f5ae3411845f3b163404a3cacf7d','1','a7f09db88c956e0c6ba3323420b6fae8','285406920f35e70ff978da36b44c304f','cba677f619061b9c326c15d8eceeb31e','2019-10-27 12:25:29',NULL),
('890dac145d64ecfaa2ca9f3ad6af5dc1','1','738c5e78eee34bdebf159335d39aa298','9326ee92625645fd27ab5a79ba057934','ed144c2c87660ead15b4784ed8df5d63','2019-11-12 11:55:44',NULL),
('8941dba1164b7bebe610bc7488f0e148','1','58c12341a226b641435b9aa435a1133c','37c5999bb7fc76116999b7a19b99a851','59df0a8135ab62ba610a84b97fb71fb5','2019-09-27 16:55:41',NULL),
('896e2e820902d6288342290c65bbf766','1','5c931915ee4ad040732a56d039c0f539','0bf8dafd73723da6ae2b8d25bd08d8a0','e0b840a51e251badb5606d5ce1faa695','2019-09-19 17:30:08',NULL),
('8972e1eaa462add5231fcf7fc53808cc','1','6545a6fc2927edc195b93982f446917c','278357f4667ba6677c9936e33b94bfdd','cba677f619061b9c326c15d8eceeb31e','2019-09-27 16:55:23',NULL),
('89b11fdafe50d07bf6f76a7041fff05b','1','2835671ff031c18cb181b1a199f86b01','8b3d9b08b33081b231e75ef5f0bf3705','958aad754214368594a38428bc09defd','2019-10-11 14:28:18',NULL),
('8a472582bbd7054dbb602d19fd5df9a8','1','5c931915ee4ad040732a56d039c0f539','7284aa3282fa86d8a0fb048750800f7f','e0b840a51e251badb5606d5ce1faa695','2019-09-19 17:30:08',NULL),
('8a5706c02ade89093cad46884baaca53','1','2835671ff031c18cb181b1a199f86b01','5a61a7876305b760efa8abe04b912a8b','4','2019-10-11 14:28:18',NULL),
('8b3ac843709c4d0fdc10b0ba33eb7189','1','87ec583e2883cbd2fd259f47ece0fe15','eea55f1c4ad3b9eb305c8b357c8fb46a','e0b840a51e251badb5606d5ce1faa695','2019-09-05 22:40:16',NULL),
('8bac4657d9efb21080ce5f65d094fa38','1','28a43d02e7292131173fd0cc16cf3df8','5a2b3c606fada8b8537f136058ca21d0','b8b3ece7283992f1c42826542eb98a43','2019-10-27 12:35:20',NULL),
('8cd2d8746fe919afbf9eb2bb05f043f9','1','28a43d02e7292131173fd0cc16cf3df8','f9e222e542d9f65325b81c3de0d10f46','e0b840a51e251badb5606d5ce1faa695','2019-10-27 12:35:20',NULL),
('8e70c20d6edf95a42ad89a902935050c','1','28a43d02e7292131173fd0cc16cf3df8','6fe19b2d6cd0cfa9900ce7a614003b07','e0b840a51e251badb5606d5ce1faa695','2019-10-27 12:35:20',NULL),
('8eb78967b4bf0fa17232cf9450578da9','1','87ec583e2883cbd2fd259f47ece0fe15','8558b4f72eb78580e251f7b50351ba2f','e0b840a51e251badb5606d5ce1faa695','2019-09-05 22:40:16',NULL),
('9023edecf03a01d3fb3e2479a74b5877','1','32ba699e9c291e801740077ae9a1889e','64c9bd0cfef46a48ec235b390f33ab2b','b50258dcbe378145b0159b4cdf89202e','2019-09-27 16:54:43',NULL),
('922b7d441d1b135c21cae78a78343f26','1','7ae8b6d47dabec6fe1dc298475128b21','6fb2c9c6dc458ab030e7504d9be41043','1','2019-09-05 22:37:35',NULL),
('97b5a15201d3ff36c1d99fbd25da66f9','1','621e6207964c8c08abec45adcc3791dd','f7ae49530061bfe7bbc3ffd7dfa9315b','694d1ae3ffb4d03111a5b901cf1e1a8a','2019-09-05 22:41:10',NULL),
('98279c69aa524018857310919f85acca','1','58c12341a226b641435b9aa435a1133c','e03c10e9f30a99456d46b7e625028751','63fc0234dc4ebcc9553ab576b36167d2','2019-09-27 16:55:41',NULL),
('9855a91f7c26c22b9b7862ba15908bb4','1','6545a6fc2927edc195b93982f446917c','eca0bf5189ba8192ccf5fc615970ea9d','694d1ae3ffb4d03111a5b901cf1e1a8a','2019-09-27 16:55:23',NULL),
('98d63f89cee53b2a964b08d531d22ffb','1','28a43d02e7292131173fd0cc16cf3df8','796f71714f40d05396df7ea6e51f5bb9','e0b840a51e251badb5606d5ce1faa695','2019-10-27 12:35:20',NULL),
('992213ee189194dddf29cd39ad84d8a1','1','87ec583e2883cbd2fd259f47ece0fe15','9211ed74de18ec2d044377163ba6ad90','e0b840a51e251badb5606d5ce1faa695','2019-09-05 22:40:16',NULL),
('9cf773d01ebcb1e152ea79e45d19229f','1','5c931915ee4ad040732a56d039c0f539','9da501bd371c5ad333a3f01afc2cfa1e','f53488c6a79e795ba288d1279a5f98e7','2019-09-19 17:30:08',NULL),
('9eb088fa476cc937c6e0f13605d1d9d5','1','2835671ff031c18cb181b1a199f86b01','416ab6fc443778d2a9fc5e7f4a9b0e00','958aad754214368594a38428bc09defd','2019-10-11 14:28:18',NULL),
('9f452ce1b90859dbbf7643e701895292','1','58c12341a226b641435b9aa435a1133c','8e18384c180c8b6eb2beb1f52c5c3c50','e0b840a51e251badb5606d5ce1faa695','2019-09-27 16:55:41',NULL),
('9f82b805e2a41c0465d5dcffc20d9bb3','1','28a43d02e7292131173fd0cc16cf3df8','c8b8689a6cad4ed49d087b238ba18821','37251998ff4119058821e0f5ec0d282a','2019-10-27 12:35:20',NULL),
('9fee7309b1a4668e57dd675ba0cc6aac','1','738c5e78eee34bdebf159335d39aa298','62e14ab3abaf8d131ab2669c02ce995f','e0b840a51e251badb5606d5ce1faa695','2019-11-12 11:55:44',NULL),
('a13aeb3090b97ae757cfaa6d2867c788','1','28a43d02e7292131173fd0cc16cf3df8','62983da7f4bdac15e6a0e1bc35df2a02','e0b840a51e251badb5606d5ce1faa695','2019-10-27 12:35:20',NULL),
('a1a1c513ca8084069570900334f8f04d','1','a6a347b17dd360c30d792638a956d0e7','57c5e70e67eff86a1b8802203617feb7','69ca24903aa6261ea946ef37d88db23f','2019-09-10 17:13:09',NULL),
('a40b0b712687ebd8474f9584a7fe746b','1','7ae8b6d47dabec6fe1dc298475128b21','4ae6fec7ac03d51d3eb43bcaf3c3ee52','694d1ae3ffb4d03111a5b901cf1e1a8a','2019-09-05 22:37:35',NULL),
('a44681977368cd15f3d8bfbf5b9eeed6','1','40759ad0d99420e1c1ed79b67282bd74','f645c36b6a4572bcf93640267ef813b0','219547f11911619c247414314762b5eb','2019-09-27 16:32:22',NULL),
('a4d10aa7a2fbeeef389e5985e2045ef2','1','c8e43ca96818c00a18072eb0e1c6fe83','4d1e18aeed6de601db9d53f6c336c0e2','e0b840a51e251badb5606d5ce1faa695','2019-09-26 14:09:21',NULL),
('a501742fcf806ec465e934f1ec7ff98c','1','58c12341a226b641435b9aa435a1133c','0deafa0838dd542aba60900f9e8d3bb6','694d1ae3ffb4d03111a5b901cf1e1a8a','2019-09-27 16:55:41',NULL),
('a556f98fa8fb71eb0b143b5d2fff0f1b','1','6545a6fc2927edc195b93982f446917c','7feea846da4bfd3e2dc1c5c41184cd40','cba677f619061b9c326c15d8eceeb31e','2019-09-27 16:55:23',NULL),
('a6ac64e1e6a415466630e3a2dce3a3a3','1','4d06c5157cce971b89166e509cdf63e8','7cee91d08568afe4f8c2a7651f52be8b','69ca24903aa6261ea946ef37d88db23f','2019-11-17 16:29:11',NULL),
('a97a2bb64645be4eb18bc2646e0af52e','1','58c12341a226b641435b9aa435a1133c','8e18384c180c8b6eb2beb1f52c5c3c50','f53488c6a79e795ba288d1279a5f98e7','2019-09-27 16:55:41',NULL),
('a99dcdeee9e2c2b1713d6a4459c181b7','1','58c12341a226b641435b9aa435a1133c','37c5999bb7fc76116999b7a19b99a851','63fc0234dc4ebcc9553ab576b36167d2','2019-09-27 16:55:41',NULL),
('ac38ad30621aaba27338f0ae28d82f11','1','28a43d02e7292131173fd0cc16cf3df8','b3cfdef62cc4b5589bbf4ebcd1255d83','63fc0234dc4ebcc9553ab576b36167d2','2019-10-27 12:35:20',NULL),
('ad47a453ad8bf4f0e9873838f59fecf4','1','2835671ff031c18cb181b1a199f86b01','106c4dc9184da01ce15e26f4256560d4','2','2019-10-11 14:28:18',NULL),
('adf09b3fd792e0ca40939183a3f32c0e','1','87ec583e2883cbd2fd259f47ece0fe15','2db22126dc5c251de13064fe12ebfb62','da0b3c06d18c677984f1b37655aa4505','2019-09-05 22:40:16',NULL),
('ae118cd687bdc3f11c9154f87d2ae1b8','1','2835671ff031c18cb181b1a199f86b01','8b3d9b08b33081b231e75ef5f0bf3705','5','2019-10-11 14:28:18',NULL),
('ae69b6a95a9898d4b696cedc6a10ac84','1','28a43d02e7292131173fd0cc16cf3df8','32d916fb3ddb0731928c83f1b661bed6','d96a8197252a4d260c7868ddbea5e0ea','2019-10-27 12:35:20',NULL),
('af3e4fd66d9bdde000942a37787eeeff','1','87ec583e2883cbd2fd259f47ece0fe15','8558b4f72eb78580e251f7b50351ba2f','694d1ae3ffb4d03111a5b901cf1e1a8a','2019-09-05 22:40:16',NULL),
('afc68a3fc63a50f9d39f4f9247abb489','1','a6a347b17dd360c30d792638a956d0e7','6891bfaf1109cdcaa5385bd39e07b457','e0b840a51e251badb5606d5ce1faa695','2019-09-10 17:13:09',NULL),
('b0da3ed119a836451206f5fabf929695','1','a6a347b17dd360c30d792638a956d0e7','7039045b9e36aed7bb2091ae8ad3e14b','414571f4d40c91b2be1d5039341fb080','2019-09-10 17:13:09',NULL),
('b0decbca4eda4cf330a0334a7da3db0f','1','1b46c10d275262533b352329cc6d3af0','7ba7d219a93e50320ff3f8c4fe6873d0','568e18093656647e8a6ce349d1a81181','2019-09-27 16:53:33',NULL),
('b257ea41c20750443ec0956541eb87ce','1','6545a6fc2927edc195b93982f446917c','278357f4667ba6677c9936e33b94bfdd','63fc0234dc4ebcc9553ab576b36167d2','2019-09-27 16:55:23',NULL),
('b30490809b161ff680ef215746f0f143','1','621e6207964c8c08abec45adcc3791dd','50efed2eba7346041d30358124177e11','e0b840a51e251badb5606d5ce1faa695','2019-09-05 22:41:10',NULL),
('b387b94d26f30e42ff39c1d753e01f4e','1','40759ad0d99420e1c1ed79b67282bd74','c6343fadd0aa6ed387986ef61e59c6a7','1','2019-09-27 16:32:22',NULL),
('b4502318eb69d89d4eecce4d1acfc420','1','a7f09db88c956e0c6ba3323420b6fae8','8b05c06072f7035e4fdea8fa4953be9d','da0b3c06d18c677984f1b37655aa4505','2019-10-27 12:25:29',NULL),
('b4c2c96fae9035afcc0f170b59b85bd1','1','58c12341a226b641435b9aa435a1133c','e03c10e9f30a99456d46b7e625028751','59df0a8135ab62ba610a84b97fb71fb5','2019-09-27 16:55:41',NULL),
('b618054de1669f6a150c0a2ce1d08fb6','1','58c12341a226b641435b9aa435a1133c','e03c10e9f30a99456d46b7e625028751','e0b840a51e251badb5606d5ce1faa695','2019-09-27 16:55:41',NULL),
('b83043c02b2e93b693d259b9d0b3efde','1','7ae8b6d47dabec6fe1dc298475128b21','fccacc0d05946884ece1b14dfe191f4b','e0b840a51e251badb5606d5ce1faa695','2019-09-05 22:37:35',NULL),
('b877e882e612feb4cce0e4475da37de1','1','28a43d02e7292131173fd0cc16cf3df8','c8b8689a6cad4ed49d087b238ba18821','63fc0234dc4ebcc9553ab576b36167d2','2019-10-27 12:35:20',NULL),
('b89d4b7d2cb80696883a4fadc92bb2f3','1','28a43d02e7292131173fd0cc16cf3df8','62983da7f4bdac15e6a0e1bc35df2a02','f53488c6a79e795ba288d1279a5f98e7','2019-10-27 12:35:20',NULL),
('b92dc3bb009b6bd156b472cab9d4b7b4','1','c8e43ca96818c00a18072eb0e1c6fe83','e5f6aa808905bfdc0c37a08f988a5b2f','e0b840a51e251badb5606d5ce1faa695','2019-09-26 14:09:21',NULL),
('bb3174e1bfce15d82d7284ecb16f95e4','1','2835671ff031c18cb181b1a199f86b01','5a61a7876305b760efa8abe04b912a8b','1','2019-10-11 14:28:18',NULL),
('bd9e60a672ded1a1bcb8a67085e9f604','1','a7f09db88c956e0c6ba3323420b6fae8','b2193b078940180d598abde13dec7a94','694d1ae3ffb4d03111a5b901cf1e1a8a','2019-10-27 12:25:29',NULL),
('bdcf2cfd8d0b1ab27ec53ac1e32deded','1','2835671ff031c18cb181b1a199f86b01','10f415b0cd746ebf764acc3a6a4d13a2','1','2019-10-11 14:28:18',NULL),
('be70f3b940d44e729f4eaa3a7d578ade','1','87ec583e2883cbd2fd259f47ece0fe15','401c62d0a62226e6209728629645677d','63fc0234dc4ebcc9553ab576b36167d2','2019-09-05 22:40:16',NULL),
('c060e33202eec4500281f477d74cd938','1','58c12341a226b641435b9aa435a1133c','37c5999bb7fc76116999b7a19b99a851','e0b840a51e251badb5606d5ce1faa695','2019-09-27 16:55:41',NULL),
('c1624c9fc1c3464d464b5406221f016e','1','c8e43ca96818c00a18072eb0e1c6fe83','cd4be639932b3ecb665a4c3c4c9d28c1','63fc0234dc4ebcc9553ab576b36167d2','2019-09-26 14:09:21',NULL),
('c1a6559b36c7a9ec1cfcd145aa0ca8c6','1','5c931915ee4ad040732a56d039c0f539','5110b952e15de4689aaa57662a342b07','da0b3c06d18c677984f1b37655aa4505','2019-09-19 17:30:08',NULL),
('c1cacb7f227afc7e675da08d1aa7e7c9','1','5c931915ee4ad040732a56d039c0f539','0b9f9a54fe4bafb5390349f153d06b77','694d1ae3ffb4d03111a5b901cf1e1a8a','2019-09-19 17:30:08',NULL),
('c1e5b0eb53b8e86530f651172a2a7708','1','738c5e78eee34bdebf159335d39aa298','960034c61ead0ba0e7f705bc7775538f','694d1ae3ffb4d03111a5b901cf1e1a8a','2019-11-12 11:55:44',NULL),
('c266c7b108e08c30fbaa23a440d20b4f','1','3d2c153cb94c0a3fa24fc07f47dd801d','45fd58fda0cf4b406408385265f86c8e','568e18093656647e8a6ce349d1a81181','2019-09-27 16:09:43',NULL),
('c2b4e4694f98e231cda13cea46ca3885','1','c8e43ca96818c00a18072eb0e1c6fe83','622bc3b2538c584ebdcc0318ff29a2e1','e0b840a51e251badb5606d5ce1faa695','2019-09-26 14:09:21',NULL),
('c34aac8920f36ebc05cea13ec8183b6f','1','621e6207964c8c08abec45adcc3791dd','50efed2eba7346041d30358124177e11','f53488c6a79e795ba288d1279a5f98e7','2019-09-05 22:41:10',NULL),
('c375b5b8d16f856d359383710bb25af1','1','7ae8b6d47dabec6fe1dc298475128b21','6fb2c9c6dc458ab030e7504d9be41043','e0b840a51e251badb5606d5ce1faa695','2019-09-05 22:37:35',NULL),
('c42acf1d423da973c59962b6f686d084','1','621e6207964c8c08abec45adcc3791dd','3feb9274436f339c297e29571436c585','da0b3c06d18c677984f1b37655aa4505','2019-09-05 22:41:10',NULL),
('c6f6e69ddf0ea348b2cfbee4765901c8','1','a6a347b17dd360c30d792638a956d0e7','bd8e1fc217a7b9477dc7a8551dcc5f28','4f49ae1a8442793b5d5564f65c910d94','2019-09-10 17:13:09',NULL),
('c723d6dc83faeed195153e4bf7ba13dc','1','6545a6fc2927edc195b93982f446917c','3c56e0951df15b44cfc121cf61c33829','63fc0234dc4ebcc9553ab576b36167d2','2019-09-27 16:55:23',NULL),
('c7be6a8728e7a8e6b826b9ac80601fe7','1','28a43d02e7292131173fd0cc16cf3df8','cae1ef8086573a965f711278aec76dac','37251998ff4119058821e0f5ec0d282a','2019-10-27 12:35:20',NULL),
('c7e00ec6c4513159a2ea4181c7d0e816','1','87ec583e2883cbd2fd259f47ece0fe15','f42bda1c9215a878fd49360a7576c913','694d1ae3ffb4d03111a5b901cf1e1a8a','2019-09-05 22:40:16',NULL),
('c847e9b77bf68efd1d52544633610a79','1','28a43d02e7292131173fd0cc16cf3df8','81cc4c7c90f3b497b27dcd51b810faa4','37251998ff4119058821e0f5ec0d282a','2019-10-27 12:35:20',NULL),
('c88584a2ffe6ca741621b4a44b5f9704','1','28a43d02e7292131173fd0cc16cf3df8','ef02e01da25726841bfe823d790afff2','9fe64e448e64401d325f2731c0366d62','2019-10-27 12:35:20',NULL),
('ca42b5fc369c9fe37d48794fa286f82c','1','28a43d02e7292131173fd0cc16cf3df8','3b8f04140f7afa28046809f68beb320d','c08a41bfa243e6ea121a0f0c3050517e','2019-10-27 12:35:20',NULL),
('caff45bcfcab2473030d7aecb46d52be','1','32ba699e9c291e801740077ae9a1889e','64c9bd0cfef46a48ec235b390f33ab2b','694d1ae3ffb4d03111a5b901cf1e1a8a','2019-09-27 16:54:43',NULL),
('cb0a58be1af7e09bbb7ee7b941719909','1','a6a347b17dd360c30d792638a956d0e7','6891bfaf1109cdcaa5385bd39e07b457','69ca24903aa6261ea946ef37d88db23f','2019-09-10 17:13:09',NULL),
('cbdec7418fce48acc5483f7dc2bafb86','1','6545a6fc2927edc195b93982f446917c','eca0bf5189ba8192ccf5fc615970ea9d','b8b3ece7283992f1c42826542eb98a43','2019-09-27 16:55:23',NULL),
('ccada9be191369b5a8fbe15592c1c267','1','c8e43ca96818c00a18072eb0e1c6fe83','3e3dffe80fce25ef829124adbd74a895','694d1ae3ffb4d03111a5b901cf1e1a8a','2019-09-26 14:09:21',NULL),
('ccb19f3fe22ec722b0f0d8e094417ec2','1','fbeaa277979be8cbaee8ab7fe3734f2f','7bf991df9d7284facf418fe231c1c3d6','1','2019-09-27 16:10:00',NULL),
('cd97819549a7d968ae0aa531a3d16853','1','621e6207964c8c08abec45adcc3791dd','d231471ce174ffbaf9ce196878334856','e0b840a51e251badb5606d5ce1faa695','2019-09-05 22:41:10',NULL),
('cf3bd6b57ada4f6ca86369791d056bab','1','7ae8b6d47dabec6fe1dc298475128b21','4ae6fec7ac03d51d3eb43bcaf3c3ee52','63fc0234dc4ebcc9553ab576b36167d2','2019-09-05 22:37:35',NULL),
('cf6dbeb248a5e78bc7bed2efacf95ee4','1','a6a347b17dd360c30d792638a956d0e7','7039045b9e36aed7bb2091ae8ad3e14b','694d1ae3ffb4d03111a5b901cf1e1a8a','2019-09-10 17:13:09',NULL),
('cf84d7bfc583b8475d7493d0aae5f54d','1','40759ad0d99420e1c1ed79b67282bd74','6b18b7db33857f362830a0287a781188','1','2019-09-27 16:32:22',NULL),
('cfd5a73fadbc26afb6b6c66fcaefd9e7','1','58c12341a226b641435b9aa435a1133c','0deafa0838dd542aba60900f9e8d3bb6','59df0a8135ab62ba610a84b97fb71fb5','2019-09-27 16:55:41',NULL),
('d2e5cc9a9ae0f175b449c02b43ed5265','1','58c12341a226b641435b9aa435a1133c','37c5999bb7fc76116999b7a19b99a851','1','2019-09-27 16:55:41',NULL),
('d324f65ed83d68151ea9f68047b855ef','1','738c5e78eee34bdebf159335d39aa298','fa98cb5f429206ec47c80c1112c6b877','e0b840a51e251badb5606d5ce1faa695','2019-11-12 11:55:44',NULL),
('d3860849c313b1fdf7d728da43d13185','1','c8e43ca96818c00a18072eb0e1c6fe83','3e3dffe80fce25ef829124adbd74a895','b50258dcbe378145b0159b4cdf89202e','2019-09-26 14:09:21',NULL),
('d3aff76e794da43f7c7ffcf72d3f8681','1','c8e43ca96818c00a18072eb0e1c6fe83','cd4be639932b3ecb665a4c3c4c9d28c1','e0b840a51e251badb5606d5ce1faa695','2019-09-26 14:09:21',NULL),
('d3c9dbfaf4fbd1174167be539e91a454','1','6545a6fc2927edc195b93982f446917c','3c56e0951df15b44cfc121cf61c33829','694d1ae3ffb4d03111a5b901cf1e1a8a','2019-09-27 16:55:23',NULL),
('d67bf84deaac9c85cd8d6b53a0daacb2','1','6545a6fc2927edc195b93982f446917c','7feea846da4bfd3e2dc1c5c41184cd40','b8b3ece7283992f1c42826542eb98a43','2019-09-27 16:55:23',NULL),
('d8120ca59b5ec5fcff9bb264011a1b54','1','a7f09db88c956e0c6ba3323420b6fae8','bc5ff3c915c1b633c16a60f4433deb2a','ed144c2c87660ead15b4784ed8df5d63','2019-10-27 12:25:29',NULL),
('d8d79633f65c5e1925f2cba1a6f3d979','1','5c931915ee4ad040732a56d039c0f539','d5928316b4ab54adeefdd179a881bac6','da0b3c06d18c677984f1b37655aa4505','2019-09-19 17:30:08',NULL),
('d8d8ec2f78281cc69e0bfd3af034314a','1','28a43d02e7292131173fd0cc16cf3df8','ef02e01da25726841bfe823d790afff2','e0b840a51e251badb5606d5ce1faa695','2019-10-27 12:35:20',NULL),
('d9afe0d7fe59b92f8ce8f5299208f9db','1','a6a347b17dd360c30d792638a956d0e7','6891bfaf1109cdcaa5385bd39e07b457','4f49ae1a8442793b5d5564f65c910d94','2019-09-10 17:13:09',NULL),
('da7b030c054d066762bf6723a318938b','1','28a43d02e7292131173fd0cc16cf3df8','32d916fb3ddb0731928c83f1b661bed6','bbe044bc2ba48270e27901732624d710','2019-10-27 12:35:20',NULL),
('dd3c983122c5e761d07707dae1a2bc77','1','28a43d02e7292131173fd0cc16cf3df8','8ccfb6b00d71d90b3ff913288e60012c','e0b840a51e251badb5606d5ce1faa695','2019-10-27 12:35:20',NULL),
('df6461669e3fad5db0271f687eb14d4f','1','2835671ff031c18cb181b1a199f86b01','954060498a28ba885c504d9e9234a009','958aad754214368594a38428bc09defd','2019-10-11 14:28:18',NULL),
('df7e9d2e26ac65ac83a711633e48ff2a','1','c8e43ca96818c00a18072eb0e1c6fe83','f61ee1ed7523bf2e7e44f9101a201f18','694d1ae3ffb4d03111a5b901cf1e1a8a','2019-09-26 14:09:21',NULL),
('e00fd500b94d52b78643189b0bc54a76','1','c8e43ca96818c00a18072eb0e1c6fe83','4d1e18aeed6de601db9d53f6c336c0e2','4f49ae1a8442793b5d5564f65c910d94','2019-09-26 14:09:21',NULL),
('e0d07d8576dfa8eb20da9eac8686d63b','1','1b46c10d275262533b352329cc6d3af0','5a0a1c24928af80a732cd179faac2d58','59df0a8135ab62ba610a84b97fb71fb5','2019-09-27 16:53:33',NULL),
('e0d9df9ebc394d682837cb1be04a6ab1','1','28a43d02e7292131173fd0cc16cf3df8','ef02e01da25726841bfe823d790afff2','d96a8197252a4d260c7868ddbea5e0ea','2019-10-27 12:35:20',NULL),
('e3051863b1e4df702040001cd0e09f4a','1','5c931915ee4ad040732a56d039c0f539','7284aa3282fa86d8a0fb048750800f7f','da0b3c06d18c677984f1b37655aa4505','2019-09-19 17:30:08',NULL),
('e36fd1eea30b6040fdab073c3487f30f','1','7ae8b6d47dabec6fe1dc298475128b21','4ae6fec7ac03d51d3eb43bcaf3c3ee52','e0b840a51e251badb5606d5ce1faa695','2019-09-05 22:37:35',NULL),
('e39941c11d0f3b643a9742f14ab9f14f','1','2835671ff031c18cb181b1a199f86b01','954060498a28ba885c504d9e9234a009','4','2019-10-11 14:28:18',NULL),
('e600c773c958d71e7855f997bf096886','1','58c12341a226b641435b9aa435a1133c','0deafa0838dd542aba60900f9e8d3bb6','f53488c6a79e795ba288d1279a5f98e7','2019-09-27 16:55:41',NULL),
('e6acf1fbad07f222e655e34da38b1c20','1','87ec583e2883cbd2fd259f47ece0fe15','eea55f1c4ad3b9eb305c8b357c8fb46a','63fc0234dc4ebcc9553ab576b36167d2','2019-09-05 22:40:16',NULL),
('e7384dd16e2ba6048eaae4483caf9ec4','1','c8e43ca96818c00a18072eb0e1c6fe83','cd4be639932b3ecb665a4c3c4c9d28c1','da0b3c06d18c677984f1b37655aa4505','2019-09-26 14:09:21',NULL),
('e91635868f7771d38f1e47aef6125c77','1','a6a347b17dd360c30d792638a956d0e7','7039045b9e36aed7bb2091ae8ad3e14b','5a1eb958744e4b59f0e2f4da15958c57','2019-09-10 17:13:09',NULL),
('e95d1419e80a4606d53fe1f08e38cd7a','1','c8e43ca96818c00a18072eb0e1c6fe83','4d1e18aeed6de601db9d53f6c336c0e2','694d1ae3ffb4d03111a5b901cf1e1a8a','2019-09-26 14:09:21',NULL),
('e9f2090af82c86d2c26a281118335b0b','1','87ec583e2883cbd2fd259f47ece0fe15','8558b4f72eb78580e251f7b50351ba2f','ed144c2c87660ead15b4784ed8df5d63','2019-09-05 22:40:16',NULL),
('e9f83bcb743a047b2ac7a5d6385e0ac2','1','28a43d02e7292131173fd0cc16cf3df8','030365cfa79ad1a3c1d34af1fba6e8d5','e0b840a51e251badb5606d5ce1faa695','2019-10-27 12:35:20',NULL),
('ea7a161b19e179345857bf22599c8a88','1','1b46c10d275262533b352329cc6d3af0','7ba7d219a93e50320ff3f8c4fe6873d0','54b91be8f9d4a73e54b9a2488ae6cda5','2019-09-27 16:53:33',NULL),
('eabcdc58c31fa502a3d764e1fd9cf1e0','1','87ec583e2883cbd2fd259f47ece0fe15','9211ed74de18ec2d044377163ba6ad90','da0b3c06d18c677984f1b37655aa4505','2019-09-05 22:40:16',NULL),
('eb2420bbda865eee8c1cd423ea4e25d0','1','738c5e78eee34bdebf159335d39aa298','68a16b94092b49f7e50d268b395b7fec','694d1ae3ffb4d03111a5b901cf1e1a8a','2019-11-12 11:55:44',NULL),
('eb5d5eb9bebed6630b8bb8f6c1c6e770','1','28a43d02e7292131173fd0cc16cf3df8','5a2b3c606fada8b8537f136058ca21d0','e0b840a51e251badb5606d5ce1faa695','2019-10-27 12:35:20',NULL),
('ec8061ed6d8a713d4ecc89ba6170cef0','1','28a43d02e7292131173fd0cc16cf3df8','32d916fb3ddb0731928c83f1b661bed6','e0b840a51e251badb5606d5ce1faa695','2019-10-27 12:35:20',NULL),
('ed382b1dbfbba7c52b0191a3d63085dc','1','6545a6fc2927edc195b93982f446917c','5002eafdeca30f4c590b3288de5fa217','694d1ae3ffb4d03111a5b901cf1e1a8a','2019-09-27 16:55:23',NULL),
('ee5ed7c95ed26378b5d374cec82b3d51','1','6545a6fc2927edc195b93982f446917c','eca0bf5189ba8192ccf5fc615970ea9d','cba677f619061b9c326c15d8eceeb31e','2019-09-27 16:55:23',NULL),
('eef63ef4421b052c00192abbad20d4af','1','40759ad0d99420e1c1ed79b67282bd74','f645c36b6a4572bcf93640267ef813b0','70429b93875a445d88ea90a56f2d4f7f','2019-09-27 16:32:22',NULL),
('ef052b4110bd8f1f045f648029104aac','1','28a43d02e7292131173fd0cc16cf3df8','1f53c967ef613e8469d3740131a3fcb3','e0b840a51e251badb5606d5ce1faa695','2019-10-27 12:35:20',NULL),
('ef38fe0d219d264ee12493d4a7d5c36f','1','738c5e78eee34bdebf159335d39aa298','68a16b94092b49f7e50d268b395b7fec','e0b840a51e251badb5606d5ce1faa695','2019-11-12 11:55:44',NULL),
('ef59c167d54f3987233e5693b3dd102a','1','a7f09db88c956e0c6ba3323420b6fae8','8b05c06072f7035e4fdea8fa4953be9d','cba677f619061b9c326c15d8eceeb31e','2019-10-27 12:25:29',NULL),
('f0bcd5267790cadabab337305812ec32','1','7ae8b6d47dabec6fe1dc298475128b21','b015d0a4cb2f6acd7fd1cb0b7504841b','62de70420a9be05b6fbcf3e1c818e0de','2019-09-05 22:37:35',NULL),
('f329054a38b74877bff0a9421e7dc90c','1','a7f09db88c956e0c6ba3323420b6fae8','285406920f35e70ff978da36b44c304f','694d1ae3ffb4d03111a5b901cf1e1a8a','2019-10-27 12:25:29',NULL),
('f33c8f3b5d67810953a042016bf04aae','1','7ae8b6d47dabec6fe1dc298475128b21','85da7d03d41992a66f8a60d399ad1264','e0b840a51e251badb5606d5ce1faa695','2019-09-05 22:37:35',NULL),
('f3e97e1943b92e246db54a6fb912252f','1','7ae8b6d47dabec6fe1dc298475128b21','6381b121ddaef02532bb72e1a7a35947','62de70420a9be05b6fbcf3e1c818e0de','2019-09-05 22:37:35',NULL),
('f4bfa9c0f3cc9db6407b46c13737c99e','1','5c931915ee4ad040732a56d039c0f539','d5928316b4ab54adeefdd179a881bac6','e0b840a51e251badb5606d5ce1faa695','2019-09-19 17:30:08',NULL),
('f694b6e4b8e006e48c611e8a9295efee','1','621e6207964c8c08abec45adcc3791dd','8238fa03b3b03e122c5681587bd24261','e0b840a51e251badb5606d5ce1faa695','2019-09-05 22:41:10',NULL),
('f69e074ced7d5102170fdeafca3ceb1f','1','28a43d02e7292131173fd0cc16cf3df8','98cc267a3d057a1dc7da08fdb956243c','9fe64e448e64401d325f2731c0366d62','2019-10-27 12:35:20',NULL),
('f7a9f46e65196c694bc60a5dd5d04d18','1','621e6207964c8c08abec45adcc3791dd','3feb9274436f339c297e29571436c585','e0b840a51e251badb5606d5ce1faa695','2019-09-05 22:41:10',NULL),
('f86db0fc22985e95284c55916faf9b33','1','40759ad0d99420e1c1ed79b67282bd74','ad21c33671eed52979176e33de427255','70429b93875a445d88ea90a56f2d4f7f','2019-09-27 16:32:22',NULL),
('f92c4d5049c751216eb81b11418ed980','1','32ba699e9c291e801740077ae9a1889e','fceea2c825fffc035ddcf7bd971a04cb','e0b840a51e251badb5606d5ce1faa695','2019-09-27 16:54:43',NULL),
('f9f7696558b5a418da1f5923d1ffc25f','1','28a43d02e7292131173fd0cc16cf3df8','98cc267a3d057a1dc7da08fdb956243c','63fc0234dc4ebcc9553ab576b36167d2','2019-10-27 12:35:20',NULL),
('fb33540ebd8c8095f0f7b877dce56039','1','28a43d02e7292131173fd0cc16cf3df8','b3cfdef62cc4b5589bbf4ebcd1255d83','bbe044bc2ba48270e27901732624d710','2019-10-27 12:35:20',NULL),
('fba94b91481329714c250908cbb375f7','1','5c931915ee4ad040732a56d039c0f539','9da501bd371c5ad333a3f01afc2cfa1e','694d1ae3ffb4d03111a5b901cf1e1a8a','2019-09-19 17:30:08',NULL),
('fd75d98f983cd759f2b7bd33dad1995b','1','28a43d02e7292131173fd0cc16cf3df8','1f53c967ef613e8469d3740131a3fcb3','bbe044bc2ba48270e27901732624d710','2019-10-27 12:35:20',NULL),
('fd9e5fdb0745092d70c296da52f1e6e2','1','28a43d02e7292131173fd0cc16cf3df8','f9e222e542d9f65325b81c3de0d10f46','37251998ff4119058821e0f5ec0d282a','2019-10-27 12:35:20',NULL),
('fe1de6e0ab70b1a2232811d1cce42282','1','28a43d02e7292131173fd0cc16cf3df8','b8bb6f31eb6b6070760bea1e1fc3a200','9fe64e448e64401d325f2731c0366d62','2019-10-27 12:35:20',NULL),
('fe3963ac800a2e7437c7733176f23dce','1','621e6207964c8c08abec45adcc3791dd','08ab261dd440c6040a14f68678a4bc18','ed144c2c87660ead15b4784ed8df5d63','2019-09-05 22:41:10',NULL),
('fe91135c8ce16a7d55137d9cd8f721db','1','28a43d02e7292131173fd0cc16cf3df8','6fe19b2d6cd0cfa9900ce7a614003b07','9fe64e448e64401d325f2731c0366d62','2019-10-27 12:35:20',NULL),
('feed4f434a2b843f0e06499f5fdb9214','1','2835671ff031c18cb181b1a199f86b01','8b3d9b08b33081b231e75ef5f0bf3705','2','2019-10-11 14:28:18',NULL),
('ff68ecf9416d844fbfbf52d3310a1816','1','4d06c5157cce971b89166e509cdf63e8','894b591741d425ca9c1b1579ce299a5b','414571f4d40c91b2be1d5039341fb080','2019-11-17 16:29:11',NULL);

/*Table structure for table `goods_spec` */

DROP TABLE IF EXISTS `goods_spec`;

CREATE TABLE `goods_spec` (
  `id` varchar(32) CHARACTER SET utf8mb4 COLLATE utf8mb4_0900_ai_ci NOT NULL COMMENT 'PK',
  `tenant_id` varchar(32) CHARACTER SET utf8mb4 COLLATE utf8mb4_0900_ai_ci NOT NULL COMMENT '所属租户',
  `name` varchar(50) CHARACTER SET utf8mb4 COLLATE utf8mb4_0900_ai_ci NOT NULL DEFAULT '' COMMENT '名称',
  `del_flag` char(2) CHARACTER SET utf8mb4 COLLATE utf8mb4_0900_ai_ci NOT NULL DEFAULT '0' COMMENT '逻辑删除标记（0：显示；1：隐藏）',
  `create_time` datetime NOT NULL DEFAULT CURRENT_TIMESTAMP COMMENT '创建时间',
  `update_time` timestamp NOT NULL DEFAULT CURRENT_TIMESTAMP ON UPDATE CURRENT_TIMESTAMP COMMENT '最后更新时间',
  PRIMARY KEY (`id`) USING BTREE,
  UNIQUE KEY `uk_name` (`tenant_id`,`name`) USING BTREE,
  KEY `ids_tenant_id` (`tenant_id`) USING BTREE
) ENGINE=InnoDB DEFAULT CHARSET=utf8mb4 COLLATE=utf8mb4_0900_ai_ci ROW_FORMAT=DYNAMIC COMMENT='规格表';

/*Data for the table `goods_spec` */

insert  into `goods_spec`(`id`,`tenant_id`,`name`,`del_flag`,`create_time`,`update_time`) values 
('02c21865a7681cc77f9b7f60d48cf2a1','1','购买方式','0','2019-08-26 14:53:18','2019-08-26 14:53:18'),
('030c4a9407b189383113fb3e7988cf38','1','版本','0','2019-08-14 21:26:21','2019-08-14 21:26:21'),
('1','1','内存','0','2019-08-13 11:20:15','2019-08-13 11:20:15'),
('2','1','网络制式','0','2019-08-13 14:14:31','2019-08-13 14:14:31'),
('22d6082e0c1cc2b5a570195f8d91ddad','1','容量','0','2019-08-26 11:53:04','2019-08-26 11:53:04'),
('3','1','颜色','0','2019-08-13 21:53:00','2019-08-13 21:53:00'),
('7dbd343f893a4618185a27bb2fbcb20d','1','terw','0','2019-08-14 23:09:06','2019-08-14 23:09:06'),
('7e7f8fed52c4627fbf62b5a5dd58151f','1','尺码','0','2019-08-28 21:40:40','2019-08-28 21:40:40'),
('7f3333f95900cf5fce3dc41ef93e46bc','1','网络规格','0','2019-08-26 14:07:45','2019-08-26 14:07:45'),
('8b0e496328b99e49fb521fa6f880fedf','1','用途','0','2019-08-16 16:33:57','2019-08-16 16:33:57'),
('b38b0d33b310ff6e6c9f6762092e238d','1','套餐类型','0','2019-08-26 14:55:58','2019-08-26 14:55:58'),
('c45ef53d84984c9813ae8d6878cd43ec','1','挺冷','0','2019-08-14 21:38:23','2019-08-14 21:38:23'),
('c6138ac78be044f7629a749e37784b70','1','叶6','0','2019-08-14 21:41:11','2019-08-14 21:41:11'),
('d0ebab518e155b8b6045e321fd01d7cb','1','rtur','0','2019-08-14 23:12:44','2019-08-14 23:12:44'),
('dae1169b7a82a1d6accff95ff8406aee','1','地区','0','2019-08-14 21:28:03','2019-08-14 21:28:03');

/*Table structure for table `goods_spec_value` */

DROP TABLE IF EXISTS `goods_spec_value`;

CREATE TABLE `goods_spec_value` (
  `id` varchar(32) CHARACTER SET utf8mb4 COLLATE utf8mb4_0900_ai_ci NOT NULL COMMENT 'PK',
  `tenant_id` varchar(32) CHARACTER SET utf8mb4 COLLATE utf8mb4_0900_ai_ci NOT NULL COMMENT '所属租户',
  `spec_id` varchar(32) CHARACTER SET utf8mb4 COLLATE utf8mb4_0900_ai_ci NOT NULL COMMENT '规格Id',
  `name` varchar(50) CHARACTER SET utf8mb4 COLLATE utf8mb4_0900_ai_ci NOT NULL DEFAULT '' COMMENT '名称',
  `del_flag` char(2) CHARACTER SET utf8mb4 COLLATE utf8mb4_0900_ai_ci NOT NULL DEFAULT '0' COMMENT '逻辑删除标记（0：显示；1：隐藏）',
  `create_time` datetime DEFAULT CURRENT_TIMESTAMP COMMENT '创建时间',
  `update_time` timestamp NULL DEFAULT CURRENT_TIMESTAMP ON UPDATE CURRENT_TIMESTAMP COMMENT '最后更新时间',
  PRIMARY KEY (`id`) USING BTREE,
  UNIQUE KEY `uk_name` (`spec_id`,`name`,`tenant_id`) USING BTREE,
  KEY `ids_tenant_id` (`tenant_id`) USING BTREE
) ENGINE=InnoDB DEFAULT CHARSET=utf8mb4 COLLATE=utf8mb4_0900_ai_ci ROW_FORMAT=DYNAMIC COMMENT='规格值表';

/*Data for the table `goods_spec_value` */

insert  into `goods_spec_value`(`id`,`tenant_id`,`spec_id`,`name`,`del_flag`,`create_time`,`update_time`) values 
('0027fd6892a74bc38431ccc77dd4bb3a','1','3','黑色','0','2019-08-28 21:42:51','2019-08-28 21:42:51'),
('048d8cfbd70c3b01ff2ff5976a64842f','1','7e7f8fed52c4627fbf62b5a5dd58151f','S','0','2019-08-28 21:40:45','2019-08-28 21:40:45'),
('1','1','1','64G','0','2019-08-13 11:20:33','2019-08-13 11:20:33'),
('2','1','1','32G','0','2019-08-13 11:20:48','2019-08-13 11:20:48'),
('219547f11911619c247414314762b5eb','1','3','蓝色','0','2019-08-24 17:39:42','2019-08-24 17:39:42'),
('3','1','2','联通','0','2019-08-13 14:14:50','2019-08-13 14:14:50'),
('314393294141bb35417b164ee2bc9a0b','1','7e7f8fed52c4627fbf62b5a5dd58151f','165','0','2019-08-28 21:47:39','2019-08-28 21:47:39'),
('316bf47699774271e344253021b48b47','1','3','珠光贝母','0','2019-08-26 11:52:21','2019-08-26 11:52:21'),
('37251998ff4119058821e0f5ec0d282a','1','22d6082e0c1cc2b5a570195f8d91ddad','8+128GB','0','2019-08-26 11:53:48','2019-08-26 11:53:48'),
('3a6dec5833f02abad0fe5bc287951f53','1','7e7f8fed52c4627fbf62b5a5dd58151f','L','0','2019-08-28 21:43:13','2019-08-28 21:43:13'),
('4','1','2','移动','0','2019-08-13 14:15:03','2019-08-13 14:15:03'),
('414571f4d40c91b2be1d5039341fb080','1','02c21865a7681cc77f9b7f60d48cf2a1','裸机','0','2019-08-26 14:53:26','2019-08-26 14:53:26'),
('45ca242a5356bc352325a2e7c89e5b40','1','7e7f8fed52c4627fbf62b5a5dd58151f','M','0','2019-08-28 21:43:08','2019-08-28 21:43:08'),
('4f49ae1a8442793b5d5564f65c910d94','1','3',' 幻夜黑','0','2019-08-26 14:52:18','2019-08-26 14:52:18'),
('5','1','2','电信','0','2019-08-14 22:10:52','2019-08-14 22:10:52'),
('54b91be8f9d4a73e54b9a2488ae6cda5','1','3','欧若拉银','0','2019-08-28 22:05:24','2019-08-28 22:05:24'),
('562b55f7db7873501e758122ba2eedd0','1','d0ebab518e155b8b6045e321fd01d7cb','5547','0','2019-08-14 23:12:50','2019-08-14 23:12:50'),
('568e18093656647e8a6ce349d1a81181','1','b38b0d33b310ff6e6c9f6762092e238d','套餐一','0','2019-08-27 21:58:30','2019-08-27 21:58:30'),
('58b15ffc7fb68aa1057a4a70450af6fb','1','2','全网通','0','2019-08-16 10:48:20','2019-08-16 10:48:20'),
('59df0a8135ab62ba610a84b97fb71fb5','1','b38b0d33b310ff6e6c9f6762092e238d','官方标配','0','2019-08-26 14:56:08','2019-08-26 14:56:08'),
('5a1eb958744e4b59f0e2f4da15958c57','1','3','琥珀棕','0','2019-08-26 14:52:28','2019-08-26 14:52:28'),
('5de5789a394b2ff6fae227547e59d871','1','3','星光金','0','2019-08-28 22:07:10','2019-08-28 22:07:10'),
('62de70420a9be05b6fbcf3e1c818e0de','1','3','仲夏紫','0','2019-08-26 14:39:28','2019-08-26 14:39:28'),
('63fc0234dc4ebcc9553ab576b36167d2','1','3','极光色','0','2019-08-26 11:52:14','2019-08-26 11:52:14'),
('694d1ae3ffb4d03111a5b901cf1e1a8a','1','1','128G','0','2019-08-14 22:31:59','2019-08-14 22:31:59'),
('69ca24903aa6261ea946ef37d88db23f','1','02c21865a7681cc77f9b7f60d48cf2a1','超值大礼包','0','2019-08-26 14:53:34','2019-08-26 14:53:34'),
('6c69234b70c97c9656b0658b89ff0d1c','1','8b0e496328b99e49fb521fa6f880fedf','家用','0','2019-08-16 16:34:16','2019-08-16 16:34:16'),
('70429b93875a445d88ea90a56f2d4f7f','1','1','86G','0','2019-08-14 23:11:34','2019-08-14 23:11:34'),
('73afb3dac3e734a716381f7d0d53d2ee','1','dae1169b7a82a1d6accff95ff8406aee','深圳','0','2019-09-26 14:10:42','2019-09-26 14:10:42'),
('829507194471d6aa6425fce05dd578b8','1','030c4a9407b189383113fb3e7988cf38','WD20EZAZ 2TB 5400转 SATA','0','2019-08-24 17:40:27','2019-08-24 17:40:27'),
('86786c195fbf7f2256bffe67bdf8c943','1','7e7f8fed52c4627fbf62b5a5dd58151f','XL','0','2019-08-28 21:43:17','2019-08-28 21:43:17'),
('8b4e151487d785f83c4785e8ca197f4a','1','7e7f8fed52c4627fbf62b5a5dd58151f','170','0','2019-08-28 21:47:42','2019-08-28 21:47:42'),
('8c5f2941e6789e692f94bd2b2ae7adc8','1','3','绿色','0','2019-08-15 09:28:50','2019-08-15 09:28:50'),
('8cc278b2924be8aac519b1caf9ea03fb','1','dae1169b7a82a1d6accff95ff8406aee','湖南','0','2019-09-26 14:10:25','2019-09-26 14:10:25'),
('8f8349aa1dc205cb644c8eccbe9a13c9','1','3','4TB蓝','0','2019-08-24 17:41:52','2019-08-24 17:41:52'),
('958aad754214368594a38428bc09defd','1','3','红色','0','2019-08-15 09:28:10','2019-08-15 09:28:10'),
('9fe64e448e64401d325f2731c0366d62','1','22d6082e0c1cc2b5a570195f8d91ddad','8+64GB','0','2019-08-26 11:53:29','2019-08-26 11:53:29'),
('a9a2957787cff867418635f0587d3046','1','030c4a9407b189383113fb3e7988cf38','sdg','0','2019-08-14 22:35:32','2019-08-14 22:35:32'),
('ac83f6289072e704fc983f22823b9832','1','030c4a9407b189383113fb3e7988cf38','WD40EZRZ 4TB 5400转 SATA','0','2019-08-24 17:40:56','2019-08-24 17:40:56'),
('afdff2b138fe9ad54afabcce42ba17ce','1','030c4a9407b189383113fb3e7988cf38','WD30EZRZ 3TB 5400转 SATA','0','2019-08-24 17:40:38','2019-08-24 17:40:38'),
('b0879152ec0a13dd747e1876fd321f00','1','030c4a9407b189383113fb3e7988cf38','WD10EZEX 1TB 7200转 SATA','0','2019-08-24 17:47:10','2019-08-24 17:47:10'),
('b50258dcbe378145b0159b4cdf89202e','1','3','天际白','0','2019-08-26 15:06:02','2019-08-26 15:06:02'),
('b8b3ece7283992f1c42826542eb98a43','1','3','天空之境','0','2019-08-26 11:52:01','2019-08-26 11:52:01'),
('bbe044bc2ba48270e27901732624d710','1','22d6082e0c1cc2b5a570195f8d91ddad','8+256GB','0','2019-08-26 11:54:07','2019-08-26 11:54:07'),
('c08a41bfa243e6ea121a0f0c3050517e','1','22d6082e0c1cc2b5a570195f8d91ddad','6+128GB','0','2019-08-26 11:54:20','2019-08-26 11:54:20'),
('c1acf203b7facc656925866200856697','1','8b0e496328b99e49fb521fa6f880fedf','服务器','0','2019-08-16 16:34:04','2019-08-16 16:34:04'),
('c9c9eabb61b4524b7e9415d1cace93df','1','3','粉色','0','2019-08-28 21:54:22','2019-08-28 21:54:22'),
('caf2f679a29e6ea2d34239a513add028','1','1','75G','0','2019-08-14 22:43:17','2019-08-14 22:43:17'),
('cba677f619061b9c326c15d8eceeb31e','1','7f3333f95900cf5fce3dc41ef93e46bc','4G全网通','0','2019-08-26 14:34:55','2019-08-26 14:34:55'),
('cc5eb984477015cfff0b99ba711753d6','1','7e7f8fed52c4627fbf62b5a5dd58151f','160','0','2019-08-28 21:47:34','2019-08-28 21:47:34'),
('d96a8197252a4d260c7868ddbea5e0ea','1','3','赤茶橘','0','2019-08-26 11:52:46','2019-08-26 11:52:46'),
('da0b3c06d18c677984f1b37655aa4505','1','1','256G','0','2019-08-26 14:05:44','2019-08-26 14:05:44'),
('db66b9d386222683b95ce7d5a7d222cb','1','7dbd343f893a4618185a27bb2fbcb20d','ery','0','2019-08-14 23:09:12','2019-08-14 23:09:12'),
('dba851cb5f505e287a65f799121a928f','1','7e7f8fed52c4627fbf62b5a5dd58151f','XS','0','2019-08-28 21:40:48','2019-08-28 21:40:48'),
('e0b840a51e251badb5606d5ce1faa695','1','2','4g全网通','0','2019-08-26 11:51:27','2019-08-26 11:51:27'),
('e14c2a907231c2bd0d484a9cdc1fb557','1','3','白色','0','2019-08-15 09:50:04','2019-08-15 09:50:04'),
('e9b07c814d143d750ce38293b8497ff1','1','030c4a9407b189383113fb3e7988cf38','D10EZEX 1TB 7200转 SATA','0','2019-08-24 17:40:12','2019-08-24 17:40:12'),
('ed144c2c87660ead15b4784ed8df5d63','1','3','珊瑚橙','0','2019-08-26 14:39:20','2019-08-26 14:39:20'),
('f06e7ed568c220d2624771b8f5de5b66','1','7e7f8fed52c4627fbf62b5a5dd58151f','175','0','2019-08-28 21:47:45','2019-08-28 21:47:45'),
('f53488c6a79e795ba288d1279a5f98e7','1','3','亮黑色','0','2019-08-26 11:51:55','2019-08-26 11:51:55'),
('f5cae0dec1002ac65be1852e07a94fd2','1','7e7f8fed52c4627fbf62b5a5dd58151f','2XL','0','2019-08-28 21:43:29','2019-08-28 21:43:29'),
('f6459927049f7e3aff811cf106aa04e4','1','dae1169b7a82a1d6accff95ff8406aee','长沙','0','2019-09-26 14:10:36','2019-09-26 14:10:36');

/*Table structure for table `goods_spu` */

DROP TABLE IF EXISTS `goods_spu`;

CREATE TABLE `goods_spu` (
  `id` varchar(32) CHARACTER SET utf8mb4 COLLATE utf8mb4_0900_ai_ci NOT NULL COMMENT 'PK',
  `tenant_id` varchar(32) CHARACTER SET utf8mb4 COLLATE utf8mb4_0900_ai_ci NOT NULL COMMENT '所属租户',
  `spu_code` varchar(32) CHARACTER SET utf8mb4 COLLATE utf8mb4_0900_ai_ci DEFAULT NULL COMMENT 'spu编码',
  `name` varchar(200) CHARACTER SET utf8mb4 COLLATE utf8mb4_0900_ai_ci NOT NULL DEFAULT '' COMMENT 'spu名字',
  `sell_point` varchar(500) CHARACTER SET utf8mb4 COLLATE utf8mb4_0900_ai_ci NOT NULL DEFAULT '' COMMENT '卖点',
  `description` text CHARACTER SET utf8mb4 COLLATE utf8mb4_0900_ai_ci NOT NULL COMMENT '描述',
  `category_first` varchar(32) CHARACTER SET utf8mb4 COLLATE utf8mb4_0900_ai_ci NOT NULL COMMENT '一级分类ID',
  `category_second` varchar(32) CHARACTER SET utf8mb4 COLLATE utf8mb4_0900_ai_ci DEFAULT NULL COMMENT '二级分类ID',
  `pic_urls` varchar(1024) CHARACTER SET utf8mb4 COLLATE utf8mb4_0900_ai_ci NOT NULL DEFAULT '' COMMENT '商品主图',
  `shelf` char(2) CHARACTER SET utf8mb4 COLLATE utf8mb4_0900_ai_ci NOT NULL DEFAULT '0' COMMENT '是否上架商品（0为已上架 1为已下架）',
  `sort` int(11) NOT NULL DEFAULT '0' COMMENT '排序字段',
  `price_down` decimal(10,2) DEFAULT NULL COMMENT '最低价',
  `price_up` decimal(10,2) DEFAULT NULL COMMENT '最高价',
  `sale_num` int(11) DEFAULT '0' COMMENT '销量',
  `create_time` datetime NOT NULL DEFAULT CURRENT_TIMESTAMP COMMENT '创建时间',
  `update_time` timestamp NOT NULL DEFAULT CURRENT_TIMESTAMP ON UPDATE CURRENT_TIMESTAMP COMMENT '最后更新时间',
  `spec_type` char(2) CHARACTER SET utf8mb4 COLLATE utf8mb4_0900_ai_ci DEFAULT NULL COMMENT '0统一规格；1多规格',
  `del_flag` char(2) CHARACTER SET utf8mb4 COLLATE utf8mb4_0900_ai_ci NOT NULL DEFAULT '0' COMMENT '逻辑删除标记（0：显示；1：隐藏）',
  `points_give_switch` char(2) CHARACTER SET utf8mb4 COLLATE utf8mb4_0900_ai_ci DEFAULT NULL COMMENT '积分赠送开关（1开 0关）',
  `points_give_num` int(11) DEFAULT NULL COMMENT '积分赠送数量',
  `points_deduct_switch` char(2) CHARACTER SET utf8mb4 COLLATE utf8mb4_0900_ai_ci DEFAULT NULL COMMENT '积分抵扣开关（1开 0关）',
  `points_deduct_scale` int(11) DEFAULT NULL COMMENT '积分抵扣商品金额比例（0~100）',
  `points_deduct_amount` decimal(10,2) DEFAULT NULL COMMENT '1积分数可抵多少元',
  PRIMARY KEY (`id`) USING BTREE,
  KEY `ids_tenant_id` (`tenant_id`) USING BTREE
) ENGINE=InnoDB DEFAULT CHARSET=utf8mb4 COLLATE=utf8mb4_0900_ai_ci ROW_FORMAT=DYNAMIC COMMENT='spu表';

/*Data for the table `goods_spu` */

insert  into `goods_spu`(`id`,`tenant_id`,`spu_code`,`name`,`sell_point`,`description`,`category_first`,`category_second`,`pic_urls`,`shelf`,`sort`,`price_down`,`price_up`,`sale_num`,`create_time`,`update_time`,`spec_type`,`del_flag`,`points_give_switch`,`points_give_num`,`points_deduct_switch`,`points_deduct_scale`,`points_deduct_amount`) values 
('1b46c10d275262533b352329cc6d3af0','1','','SIEMENS/西门子 KG28NV290C 三体全无霜 风冷大容量三门冰箱','承诺送货入户，未履约赔付10000积分','<p><span style=\"color: rgb(64, 64, 64);\"><img src=\"https://img.alicdn.com/imgextra/i4/859230932/TB2r1HVhFuWBuNjSspnXXX1NVXa-859230932.jpg\" alt=\"KG28NV290C详情页(1)_01.jpg\"><img src=\"https://img.alicdn.com/imgextra/i4/859230932/O1CN011IktaazJa1ItPWZ_!!859230932.jpg\" alt=\"KG28NV290C详情页(1)_02.jpg\"><img src=\"https://img.alicdn.com/imgextra/i3/859230932/TB2anQzb9cqBKNjSZFgXXX_kXXa-859230932.jpg\" alt=\"KG28NV290C详情页(1)_03.jpg\"></span></p>','a629d3418f406d27dfdcde71670ffa0a','ddbe36b3a276020b92020f398e420895','[\"http://joolun-base-test.oss-cn-zhangjiakou.aliyuncs.com/17.jpg\",\"http://joolun-base-test.oss-cn-zhangjiakou.aliyuncs.com/70.jpg\"]','0',0,2999.00,3540.00,26,'2019-08-27 22:16:12','2019-09-04 22:14:35','1','0',NULL,NULL,NULL,NULL,NULL),
('2835671ff031c18cb181b1a199f86b01','1','57458568','小米9 4800万超广角三摄 6GB+128GB全息幻彩蓝 骁龙855 全网通4G 双卡双待 水滴全面屏拍照智能游戏手机','限时优惠200，成交价2599！索尼4800万广角微距三摄，屏下指纹解锁！','<p><strong><em>温馨提示：为保证您尽快收到商品，赠品和手机可能会分开发货，请您耐心等待。如发生退货，赠品需一同寄回，仅支持整体退货，不支持单独产品退货，感谢您的理解。</em></strong></p><p><img src=\"https://img.alicdn.com/imgextra/i4/1714128138/O1CN01Ac8ERJ29zFjq0IN2y_!!1714128138.jpg\"><img src=\"https://img.alicdn.com/imgextra/i4/1714128138/O1CN01VMOTzx29zFgQnngH0_!!1714128138.jpg\"><img src=\"https://img.alicdn.com/imgextra/i1/1714128138/O1CN018vpvKv29zFh3wew1f_!!1714128138.jpg\"></p><p><img src=\"https://img.alicdn.com/imgextra/i3/1714128138/O1CN01zj5VGR29zFgLLD7wC_!!1714128138.jpg\"><img src=\"https://img.alicdn.com/imgextra/i3/1714128138/O1CN01KKow1v29zFgPlRcz1_!!1714128138.jpg\"><img src=\"https://img.alicdn.com/imgextra/i2/1714128138/O1CN01YHoVHN29zFgJyP0jm_!!1714128138.jpg\"><img src=\"https://img.alicdn.com/imgextra/i3/1714128138/O1CN01aYZWKp29zFgKlVh75_!!1714128138.jpg\"><img src=\"https://img.alicdn.com/imgextra/i3/1714128138/O1CN01IbunXO29zFgLLDWuD_!!1714128138.jpg\"><img src=\"https://img.alicdn.com/imgextra/i2/1714128138/O1CN01o5fy2K29zFgLpRWa2_!!1714128138.jpg\"></p>','9bb404548cc6513c1c148b532b6db720','988f1af72652178159de1ec009ab8fb0','[\"http://joolun-base-test.oss-cn-zhangjiakou.aliyuncs.com/7667c3f40823764d.jpg\",\"http://joolun-base-test.oss-cn-zhangjiakou.aliyuncs.com/O1CN01fSka3s1IOudDI765b_!!2616970884.jpg\"]','0',0,1905.00,2700.00,6,'2019-08-24 00:45:48','2019-08-27 14:31:50','1','0',NULL,NULL,NULL,NULL,NULL),
('28a43d02e7292131173fd0cc16cf3df8','1','','Huawei/华为 P30全面屏超感光徕卡三摄变焦双景录像980芯片智能手机p30','4000万超感光徕卡三摄','<p><img src=\"https://img.alicdn.com/imgextra/i2/2838892713/O1CN01xOuobd1Vub514wFmi_!!2838892713.jpg\"></p><p><img src=\"https://img.alicdn.com/imgextra/i1/2838892713/O1CN01qlLds11Vub4zito3b_!!2838892713.jpg\"></p><p><img src=\"https://img.alicdn.com/imgextra/i1/2838892713/O1CN01jJhwZ31Vub4pichD5_!!2838892713.jpg\"></p><p><img src=\"https://img.alicdn.com/imgextra/i1/2838892713/O1CN01SjOrTQ1Vub4iz5xrm_!!2838892713.jpg\"><img src=\"https://img.alicdn.com/imgextra/i4/2838892713/TB2vbKTgHArBKNjSZFLXXc_dVXa_!!2838892713.jpg\"><img src=\"https://img.alicdn.com/imgextra/i3/2838892713/O1CN016Yd7HL1Vub3qegDl4_!!2838892713.jpg\"><img src=\"https://img.alicdn.com/imgextra/i2/2838892713/O1CN013bfBcx1Vub3rkXc1p_!!2838892713.jpg\"><img src=\"https://img.alicdn.com/imgextra/i4/2838892713/O1CN01eYUwMj1Vub3jB4XW9_!!2838892713.jpg\"><img src=\"https://img.alicdn.com/imgextra/i3/2838892713/O1CN01u527mN1Vub3obUWZs_!!2838892713.jpg\"><img src=\"https://img.alicdn.com/imgextra/i4/2838892713/O1CN01VDbXcZ1Vub3t6ujOd_!!2838892713.jpg\"><img src=\"https://img.alicdn.com/imgextra/i2/2838892713/O1CN01lOCtnI1Vub3tkT9lU_!!2838892713.jpg\"><img src=\"https://img.alicdn.com/imgextra/i1/2838892713/O1CN01tI3T961Vub3obSiL9_!!2838892713.jpg\"><img src=\"https://img.alicdn.com/imgextra/i4/2838892713/O1CN01doBZly1Vub3rkXoVl_!!2838892713.jpg\"><img src=\"https://img.alicdn.com/imgextra/i2/2838892713/O1CN01oNZX051Vub3qXKhKA_!!2838892713.jpg\"><img src=\"https://img.alicdn.com/imgextra/i3/2838892713/O1CN01V1yLS31Vub3rRd6Gt_!!2838892713.jpg\"><img src=\"https://img.alicdn.com/imgextra/i1/2838892713/O1CN01BO9EsZ1Vub3qamCLX_!!2838892713.jpg\"><img src=\"https://img.alicdn.com/imgextra/i2/2838892713/O1CN01UjVmTV1Vub3tkSp0E_!!2838892713.jpg\"><img src=\"https://img.alicdn.com/imgextra/i4/2838892713/O1CN01JN7NPg1Vub3obV81o_!!2838892713.jpg\"><img src=\"https://img.alicdn.com/imgextra/i1/2838892713/O1CN01XE0exL1Vub3qXKEDW_!!2838892713.jpg\"><img src=\"https://img.alicdn.com/imgextra/i3/2838892713/O1CN01MvRL5W1Vub3rRbI4D_!!2838892713.jpg\"><img src=\"https://img.alicdn.com/imgextra/i1/2838892713/O1CN01Uvvvge1Vub3rl4Ip4_!!2838892713.jpg\"><img src=\"https://img.alicdn.com/imgextra/i1/2838892713/O1CN016NmxRt1Vub3rkXTlX_!!2838892713.jpg\"><img src=\"https://img.alicdn.com/imgextra/i2/2838892713/O1CN01UIrc4U1Vub3tkTtXn_!!2838892713.jpg\"><img src=\"https://img.alicdn.com/imgextra/i3/2838892713/O1CN01J8ioE61Vub3rkYU7N_!!2838892713.jpg\"><img src=\"https://img.alicdn.com/imgextra/i4/2838892713/O1CN016kfSvu1Vub3t6w4ay_!!2838892713.jpg\"></p>','9bb404548cc6513c1c148b532b6db720','862a74f109f7f14bcbfff1d5adf73cdc','[\"http://joolun-base-test.oss-cn-zhangjiakou.aliyuncs.com/O1CN01R8Jql91mbDmjt4uXi_!!2201435294972.jpg\",\"http://joolun-base-test.oss-cn-zhangjiakou.aliyuncs.com/%E5%BE%AE%E4%BF%A1%E6%88%AA%E5%9B%BE_20190826115920.png\",\"http://joolun-base-test.oss-cn-zhangjiakou.aliyuncs.com/O1CN01PGTRF41mbDmTT1XHk_!!2201435294972.png\",\"http://joolun-base-test.oss-cn-zhangjiakou.aliyuncs.com/%E5%BE%AE%E4%BF%A1%E6%88%AA%E5%9B%BE_20190827154452.png\",\"http://joolun-base-test.oss-cn-zhangjiakou.aliyuncs.com/O1CN01TnmV7g1mbDmdi5SFG_!!2-item_pic.png\"]','0',0,3688.00,4488.00,856,'2019-08-26 11:58:06','2019-08-26 11:58:06','1','0',NULL,NULL,NULL,NULL,NULL),
('32ba699e9c291e801740077ae9a1889e','1','','【7.12英寸大屏幕】Huawei/华为 畅享 MAX 全面屏水滴屏大电池长待机正品官方旗舰店 4G全网通智能手机89spxi','官方价直降8?0元 再送壳+防爆膜+收藏送耳机','<p><span style=\"color: rgb(64, 64, 64);\"><img src=\"https://img.alicdn.com/imgextra/i4/210910611/O1CN01qfLpqs1GNsY4DZUmB_!!210910611.jpg\"><img src=\"https://img.alicdn.com/imgextra/i3/210910611/O1CN01HBJLDq1GNsXoXBa6k_!!210910611.jpg\"><img src=\"https://img.alicdn.com/imgextra/i3/210910611/O1CN01FnS6Xo1GNsY7mWPEs_!!210910611.jpg\"><img src=\"https://img.alicdn.com/imgextra/i4/210910611/O1CN01z8WNoa1GNsXexNfq5_!!210910611.jpg\"><img src=\"https://img.alicdn.com/imgextra/i3/210910611/O1CN01gD5exs1GNsXaFq8k8_!!210910611.png\"><img src=\"https://img.alicdn.com/imgextra/i3/210910611/O1CN01mR6NQ41GNsXaMNhxK_!!210910611.jpg\"><img src=\"https://img.alicdn.com/imgextra/i4/210910611/O1CN01ol7FCC1GNsXdEpkij_!!210910611.jpg\"><img src=\"https://img.alicdn.com/imgextra/i3/210910611/O1CN01PiFL9s1GNsXdiEFdC_!!210910611.jpg\"><img src=\"https://img.alicdn.com/imgextra/i3/210910611/O1CN011GNsT0Q3Mq9LzVe_!!210910611.jpg\"><img src=\"https://img.alicdn.com/imgextra/i2/210910611/O1CN011GNsSyvgVas1VBr_!!210910611.jpg\"><img src=\"https://img.alicdn.com/imgextra/i2/210910611/O1CN011GNsStCCwfgF9Mb_!!210910611.jpg\"><img src=\"https://img.alicdn.com/imgextra/i1/210910611/O1CN011GNsSzoZdpn3zmS_!!210910611.jpg\"><img src=\"https://img.alicdn.com/imgextra/i4/210910611/O1CN011GNsT1ElcPMHEGL_!!210910611.jpg\"><img src=\"https://img.alicdn.com/imgextra/i4/210910611/O1CN011GNsSzoYAODa1t9_!!210910611.jpg\"><img src=\"https://img.alicdn.com/imgextra/i4/210910611/O1CN011GNsSxQxJ4FFdnK_!!210910611.jpg\"><img src=\"https://img.alicdn.com/imgextra/i4/210910611/O1CN011GNsSzXsHhzfvPQ_!!210910611.jpg\"><img src=\"https://img.alicdn.com/imgextra/i3/210910611/O1CN011GNsSyQCyEODq9q_!!210910611.jpg\"><img src=\"https://img.alicdn.com/imgextra/i1/210910611/O1CN011GNsSzUFJMBlKyn_!!210910611.jpg\"><img src=\"https://img.alicdn.com/imgextra/i1/210910611/O1CN011GNsSxQwdVE9fNN_!!210910611.jpg\"><img src=\"https://img.alicdn.com/imgextra/i4/210910611/O1CN011GNsSzmQU5UtlG0_!!210910611.jpg\"></span></p>','9bb404548cc6513c1c148b532b6db720','862a74f109f7f14bcbfff1d5adf73cdc','[\"http://joolun-base-test.oss-cn-zhangjiakou.aliyuncs.com/59.jpg\",\"http://joolun-base-test.oss-cn-zhangjiakou.aliyuncs.com/58.jpg\"]','0',0,0.00,0.00,10,'2019-08-26 15:06:40','2019-09-04 22:14:39','1','0',NULL,NULL,NULL,NULL,NULL),
('3d2c153cb94c0a3fa24fc07f47dd801d','1','','佳能m50微单相机女学生款Canon/佳能eos M50数码高清旅游vlog相机','直降50送3年天猫延保，套餐6免费换8','<p><img src=\"https://img.alicdn.com/imgextra/i4/2495829718/O1CN016KuSCH2LetVKhAhbI_!!2495829718.jpg\"><img src=\"https://img.alicdn.com/imgextra/i2/2495829718/O1CN01nAVMc62LetVLhB6Vv_!!2495829718.jpg\"><img src=\"https://img.alicdn.com/imgextra/i2/2495829718/O1CN01s5xa7i2LetVLh7g1j_!!2495829718.jpg\"></p><p><br></p><p><img src=\"https://img.alicdn.com/imgextra/i1/2495829718/O1CN01FPsSjn2LetTnIdqsw_!!2495829718.jpg\"><img src=\"https://img.alicdn.com/imgextra/i2/2495829718/O1CN01iTHIOX2LetTlM87MF_!!2495829718.jpg\"><img src=\"https://img.alicdn.com/imgextra/i4/2495829718/O1CN01pVyCAu2LetTgq9eAW_!!2495829718.jpg\"><img src=\"https://img.alicdn.com/imgextra/i2/2495829718/O1CN01zERTuG2LetTnwyxS8_!!2495829718.jpg\"></p>','31e2b38f810a89159411e43160afd0f9','0e2d6c17203e3d46ee5a1d0ca1eec715','[\"http://joolun-base-test.oss-cn-zhangjiakou.aliyuncs.com/8.jpg\",\"http://joolun-base-test.oss-cn-zhangjiakou.aliyuncs.com/7.jpg\"]','0',0,5899.00,6899.00,7,'2019-08-27 21:58:44','2019-09-04 22:14:38','1','0',NULL,NULL,NULL,NULL,NULL),
('40759ad0d99420e1c1ed79b67282bd74','1','','华为平板 M6 10.8英寸 安卓平板电脑二合一安卓全网通4G通话手机m5 AI智能超薄大屏游戏2019新款平板正品ipad','新品上市 2K高清 智能语音控制 电脑模式','<p><span style=\"color: rgb(64, 64, 64);\"><img src=\"https://img.alicdn.com/imgextra/i3/858042828/O1CN01wETuNB1WlGd57noex_!!858042828.jpg\"><img src=\"https://img.alicdn.com/imgextra/i3/858042828/O1CN01AtuyrM1WlGcpiOU6N_!!858042828.jpg\"><img src=\"https://img.alicdn.com/imgextra/i3/858042828/O1CN01gJEzes1WlGcorWIu0_!!858042828.jpg\"><img src=\"https://img.alicdn.com/imgextra/i4/858042828/O1CN01uQbIj11WlGd2krg0C_!!858042828.jpg\"><img src=\"https://img.alicdn.com/imgextra/i2/858042828/O1CN01BIUrip1WlGd2IeVsL_!!858042828.jpg\"></span></p><p><span style=\"color: rgb(64, 64, 64);\"><img src=\"https://img.alicdn.com/imgextra/i1/858042828/O1CN01iJ1fEu1WlGcq5Bbor_!!858042828.jpg\"><img src=\"https://img.alicdn.com/imgextra/i1/858042828/O1CN01h0xBNI1WlGclH3qL4_!!858042828.jpg\"><img src=\"https://img.alicdn.com/imgextra/i2/858042828/O1CN01g815Zv1WlGcmZJSHs_!!858042828.jpg\"><img src=\"https://img.alicdn.com/imgextra/i1/858042828/O1CN0191MMFr1WlGcdMhfos_!!858042828.jpg\"><img src=\"https://img.alicdn.com/imgextra/i3/858042828/O1CN01EUuuOC1WlGc2glYDY_!!858042828.jpg\"><img src=\"https://img.alicdn.com/imgextra/i3/858042828/O1CN01fRS6zt1WlGc5PB3Ex_!!858042828.jpg\"><img src=\"https://img.alicdn.com/imgextra/i4/858042828/O1CN01vIDF751WlGc3Gpg0z_!!858042828.jpg\"></span></p>','c60c5526496d5dd9e1f507c836473699','d9b1af75073a44c78e3cd8a0c8525f44','[\"http://joolun-base-test.oss-cn-zhangjiakou.aliyuncs.com/O1CN01BG5vmo1i7DMlX8MRI_!!0-item_pic.jpg\"]','0',0,3299.00,4299.00,4,'2019-08-27 21:49:39','2019-09-04 22:14:37','1','0',NULL,NULL,NULL,NULL,NULL),
('43768c89b11316e1edf56c2fd56f7751','1','','佳能 M100微单15-45 EOS高清数码相机女学生款vlog美颜','可翻转液晶显示屏 DIGIC 7影像处理器','<p><span style=\"color: rgb(64, 64, 64);\"><img src=\"https://img.alicdn.com/imgextra/i1/2616970884/O1CN01q7hNOa1IOufrxRkJo_!!2616970884.jpg\"><img src=\"https://img.alicdn.com/imgextra/i1/2616970884/O1CN01ASFUPL1IOucpDfx8Y_!!2616970884.jpg\"></span></p><p><span style=\"color: rgb(64, 64, 64);\"><img src=\"https://img.alicdn.com/imgextra/i1/2616970884/O1CN01KkZqsD1IOufjOn1YS_!!2616970884.jpg\"><img src=\"https://img.alicdn.com/imgextra/i3/2616970884/O1CN01RxqJ9w1IOufZChDHo_!!2616970884.jpg\"></span></p><p><span style=\"color: rgb(64, 64, 64);\">网址：</span><a href=\"https://detail.tmall.com/item.htm?spm=a230r.1.14.48.75a73fa8zWf4iK&amp;id=560349864131&amp;ns=1&amp;abbucket=10&amp;sku_properties=5919063:6536025\" target=\"_blank\">https://detail.tmall.com/item.htm?spm=a230r.1.14.48.75a73fa8zWf4iK&amp;id=560349864131&amp;ns=1&amp;abbucket=10&amp;sku_properties=5919063:6536025</a></p>','31e2b38f810a89159411e43160afd0f9','0e2d6c17203e3d46ee5a1d0ca1eec715','[\"http://joolun-base-test.oss-cn-zhangjiakou.aliyuncs.com/9.jpg\"]','0',0,6888.00,7899.00,49,'2019-08-27 22:00:35','2019-09-04 22:14:44','1','0',NULL,NULL,NULL,NULL,NULL),
('4d06c5157cce971b89166e509cdf63e8','1','','小程序付款演示','付款流畅，方便快捷','<p><strong>产品参数：</strong></p><ul><li>证书编号：2019011606195595</li><li>证书状态：有效</li><li>申请人名称：华为技术有限公司</li><li>制造商名称：西可通信技术设备（河源）有限公司</li><li>产品名称：TD-LTE 无线数据终端</li><li>3C产品型号：SCM-AL09</li><li>产品名称：Huawei/华为 华为平板 M6...</li><li>品牌:&nbsp;Huawei/华为</li><li>型号:&nbsp;华为平板 M6 10.8英寸</li><li>内存容量:&nbsp;128GB&nbsp;64GB</li><li>存储容量:&nbsp;6+256GB&nbsp;64GB&nbsp;128GB</li><li>核心数:&nbsp;八核</li><li>触摸屏类型:&nbsp;电容十点触控</li><li>厂商</li><li><span style=\"color: rgb(64, 64, 64);\"><img src=\"https://img.alicdn.com/imgextra/i2/2711014365/O1CN01qrYdwN1i7DOBVwCBo_!!2711014365.jpg\"></span></li></ul>','d5a7b863c2759241ac571f5bc1b6239d','2239dfa1128dd7c88066040dc7dfa44a','[\"http://joolun-base-test.oss-cn-zhangjiakou.aliyuncs.com/%E5%BE%AE%E4%BF%A1%E5%9B%BE%E7%89%87_20190619223905.png\",\"http://joolun-base-test.oss-cn-zhangjiakou.aliyuncs.com/5.jpg\"]','0',0,0.01,0.08,13,'2019-09-27 16:58:56','2019-09-27 16:58:56','1','0',NULL,NULL,NULL,NULL,NULL),
('58c12341a226b641435b9aa435a1133c','1','','顺丰包邮/多重好礼 Huawei/华为 P20 Pro 手机全面屏徕卡三摄旗舰官方旗舰店正品全网通4G/Mate20/荣耀v20','现货速发 官方正品全国联保 送壕礼+保修2年','<p><img src=\"https://gdp.alicdn.com/imgextra/i4/814618946/O1CN01byahs52FxJgbhQORM_!!814618946.jpg\" alt=\"mate10 P20关联.jpg\"></p><p class=\"ql-align-center\"><img src=\"https://img.alicdn.com/imgextra/i1/814618946/O1CN01RV0rew2FxJioov0xH_!!814618946.jpg\"><img src=\"https://img.alicdn.com/imgextra/i2/814618946/O1CN01KQxWkn2FxJisRfX19_!!814618946.jpg\"><img src=\"https://img.alicdn.com/imgextra/i2/814618946/O1CN01FG7heu2FxJk4Y9KYC_!!814618946.jpg\"><img src=\"https://img.alicdn.com/imgextra/i1/814618946/O1CN01rX16f92FxJipx47jv_!!814618946.jpg\"><img src=\"https://img.alicdn.com/imgextra/i2/814618946/O1CN0105o8LU2FxJkKed3o9_!!814618946.jpg\"><img src=\"https://img.alicdn.com/imgextra/i1/814618946/O1CN0167mqhw2FxJgegXCad_!!814618946.jpg\"><img src=\"https://img.alicdn.com/imgextra/i2/814618946/O1CN012FxJfybo0LqQ8rp_!!814618946.jpg\"><img src=\"https://img.alicdn.com/imgextra/i3/814618946/O1CN012FxJevaX9l1X1Qd_!!814618946.jpg\"><img src=\"https://img.alicdn.com/imgextra/i3/814618946/O1CN012FxJewSD69aXc3S_!!814618946.jpg\"><img src=\"https://img.alicdn.com/imgextra/i3/814618946/O1CN012FxJew4Km7UO7YZ_!!814618946.jpg\"><img src=\"https://img.alicdn.com/imgextra/i1/814618946/O1CN012FxJevBMxdv1Y5W_!!814618946.jpg\"><img src=\"https://img.alicdn.com/imgextra/i3/814618946/O1CN012FxJeuyR9nnirbn_!!814618946.jpg\"><img src=\"https://img.alicdn.com/imgextra/i2/814618946/O1CN012FxJeul1YpWKOvX_!!814618946.jpg\"><img src=\"https://img.alicdn.com/imgextra/i2/814618946/O1CN012FxJew4JEbHfBrs_!!814618946.jpg\"><img src=\"https://img.alicdn.com/imgextra/i3/814618946/O1CN012FxJewHtlyyW25P_!!814618946.jpg\"><img src=\"https://img.alicdn.com/imgextra/i4/814618946/O1CN012FxJewSEAhdgHAo_!!814618946.jpg\"><img src=\"https://img.alicdn.com/imgextra/i4/814618946/O1CN012FxJep3DiKsAUvk_!!814618946.jpg\"></p><p><br></p>','9bb404548cc6513c1c148b532b6db720','862a74f109f7f14bcbfff1d5adf73cdc','[\"http://joolun-base-test.oss-cn-zhangjiakou.aliyuncs.com/14.jpg\",\"http://joolun-base-test.oss-cn-zhangjiakou.aliyuncs.com/7.jpg\",\"http://joolun-base-test.oss-cn-zhangjiakou.aliyuncs.com/6.jpg\",\"http://joolun-base-test.oss-cn-zhangjiakou.aliyuncs.com/5.jpg\",\"http://joolun-base-test.oss-cn-zhangjiakou.aliyuncs.com/8.jpg\"]','0',0,3699.00,4599.00,77,'2019-08-26 14:56:57','2019-09-04 22:14:45','1','0',NULL,NULL,NULL,NULL,NULL),
('5c931915ee4ad040732a56d039c0f539','1','','Nova 4中移动手机正品官方旗舰店新款青春版3i2s 3e 32plus 4e 5高配版Pro','全国联保/再送壕礼！','<p><img src=\"https://img.alicdn.com/imgextra/i4/1776456424/O1CN01yjG99b1xKEsWCXsiq_!!1776456424.jpg\"></p><p><img src=\"https://img.alicdn.com/imgextra/i4/1776456424/O1CN015HBfs11xKEoR25qqV_!!1776456424.jpg\"><img src=\"https://img.alicdn.com/imgextra/i1/1776456424/O1CN01MO9oMd1xKEpK79BbJ_!!1776456424.jpg\"><img src=\"https://img.alicdn.com/imgextra/i1/1776456424/O1CN01KSsv3u1xKEpNIadlG_!!1776456424.jpg\"><img src=\"https://img.alicdn.com/imgextra/i3/1776456424/O1CN01zeuTlh1xKEpMc21z8_!!1776456424.jpg\"><img src=\"https://img.alicdn.com/imgextra/i2/1776456424/O1CN01Ru3j8T1xKEpMc3N8R_!!1776456424.jpg\"></p><p><img src=\"https://gdp.alicdn.com/imgextra/i3/1776456424/O1CN01ft1LlD1xKErWrQm5O_!!1776456424.jpg\"></p><p><img src=\"https://gdp.alicdn.com/imgextra/i2/1776456424/O1CN01Rqg1MK1xKErR0uRuo_!!1776456424.jpg\"></p><p><br></p>','9bb404548cc6513c1c148b532b6db720','862a74f109f7f14bcbfff1d5adf73cdc','[\"http://joolun-base-test.oss-cn-zhangjiakou.aliyuncs.com/c8fa4cfaeffc0533.jpg\",\"http://joolun-base-test.oss-cn-zhangjiakou.aliyuncs.com/181da3ed6e6d2a87.jpg\"]','0',0,2799.00,3599.00,4,'2019-08-26 14:50:42','2019-09-04 22:14:48','1','0',NULL,NULL,NULL,NULL,NULL),
('621e6207964c8c08abec45adcc3791dd','1','','华为nova5【免息直降550】HUAWEI nova 5 Pro官方正品手机nova5i','现货速发,免息直降,官网正品货到付款','<p><img src=\"https://img.alicdn.com/imgextra/i3/22911646/O1CN01ZVC59a1O1uSnhP0ET_!!22911646.jpg\" height=\"1154\" width=\"750\"><img src=\"https://img.alicdn.com/imgextra/i3/22911646/O1CN01tIMSHq1O1uThe6XDV_!!22911646.jpg\" height=\"759\" width=\"750\"><img src=\"https://img.alicdn.com/imgextra/i2/22911646/O1CN01Uu5oSc1O1uSgzaZc2_!!22911646.jpg\" height=\"385\" width=\"750\"><img src=\"https://img.alicdn.com/imgextra/i4/22911646/O1CN01BetFgd1O1uScf7QqL_!!22911646.jpg\" height=\"150\" width=\"750\"><img src=\"https://img.alicdn.com/imgextra/i4/22911646/O1CN01dzomva1O1uSdxAUEM_!!22911646.jpg\" height=\"566\" width=\"750\"><img src=\"https://img.alicdn.com/imgextra/i2/22911646/O1CN01PiWHwc1O1uSh4pR0e_!!22911646.jpg\" height=\"450\" width=\"750\"><img src=\"https://img.alicdn.com/imgextra/i2/22911646/O1CN01Sqmw5X1O1uSs4Znyy_!!22911646.jpg\" height=\"1185\" width=\"790\"><img src=\"https://img.alicdn.com/imgextra/i3/22911646/O1CN01OekydW1O1uSux1e3c_!!22911646.jpg\" height=\"1044\" width=\"790\"><img src=\"https://img.alicdn.com/imgextra/i3/22911646/O1CN013pHY381O1uSpQW7k5_!!22911646.jpg\" height=\"959\" width=\"790\"><img src=\"https://img.alicdn.com/imgextra/i1/22911646/O1CN016EKlsZ1O1uSkTKn3a_!!22911646.jpg\"><img src=\"https://img.alicdn.com/imgextra/i2/22911646/O1CN01m8Xm8Q1O1uSnvSFJW_!!22911646.jpg\"><img src=\"https://img.alicdn.com/imgextra/i3/22911646/O1CN01J1MmIC1O1uSmJwz4N_!!22911646.jpg\"><img src=\"https://img.alicdn.com/imgextra/i4/22911646/O1CN018qqAvc1O1uSnj2oV5_!!22911646.jpg\"><img src=\"https://img.alicdn.com/imgextra/i4/22911646/O1CN01rQBx831O1uSmJwz4p_!!22911646.jpg\"><img src=\"https://img.alicdn.com/imgextra/i2/22911646/O1CN01fEt2qZ1O1uSlCxdul_!!22911646.jpg\"><img src=\"https://img.alicdn.com/imgextra/i2/22911646/O1CN01bsdrz41O1uSnj1Gt0_!!22911646.jpg\"><img src=\"https://img.alicdn.com/imgextra/i3/22911646/O1CN01GFAYeC1O1uSiDiXBH_!!22911646.jpg\"><img src=\"https://img.alicdn.com/imgextra/i3/22911646/O1CN01p1pBNH1O1uSnvR2YS_!!22911646.jpg\"></p>','9bb404548cc6513c1c148b532b6db720','862a74f109f7f14bcbfff1d5adf73cdc','[\"http://joolun-base-test.oss-cn-zhangjiakou.aliyuncs.com/O1CN01i19yXp1O1uSnsCxEr_!!22911646.jpg\",\"http://joolun-base-test.oss-cn-zhangjiakou.aliyuncs.com/14.jpg\"]','0',0,2878.00,3888.00,457,'2019-08-26 14:46:16','2019-09-04 22:14:47','1','0',NULL,NULL,NULL,NULL,NULL),
('6545a6fc2927edc195b93982f446917c','1','','Huawei/华为P30 Pro曲面屏超感光徕卡四摄变焦980芯片智能手机p30pro','10倍光学变焦 官方正品','<p><a href=\"https://detail.tmall.com/item.htm?spm=a21ag.7623864.0.0.1b3d3ba5emmXaw&amp;id=598332699918&amp;sku_properties=10004:36095;5919063:6536025;12304035:677288068&amp;scene=taobao_shop\" target=\"_blank\" style=\"color: rgb(41, 83, 166);\"><img src=\"https://gdp.alicdn.com/imgextra/i1/686947088/O1CN01TI1uVG22ELrXhTvSM_!!686947088.jpg\"></a><a href=\"https://detail.tmall.com/item.htm?spm=a21ag.7623864.0.0.14953ba5vM5tUC&amp;id=594719496850&amp;sku_properties=10004:385316259;5919063:6536025&amp;scene=taobao_shop\" target=\"_blank\" style=\"color: rgb(41, 83, 166);\"><img src=\"https://gdp.alicdn.com/imgextra/i1/686947088/O1CN01ZpgKun22ELrCoGxjb_!!686947088.jpg\"></a></p><p><img src=\"https://img.alicdn.com/imgextra/i2/686947088/O1CN01DLaQEi22ELrweWGjM_!!686947088.jpg\"><img src=\"https://img.alicdn.com/imgextra/i4/686947088/O1CN01iyjovP22ELqELmRn4_!!686947088.jpg\"><img src=\"https://img.alicdn.com/imgextra/i1/686947088/O1CN01LcL89h22ELqCkrMzC_!!686947088.jpg\"><img src=\"https://img.alicdn.com/imgextra/i1/686947088/O1CN01EGKfOh22ELqHdZNNA_!!686947088.jpg\"><img src=\"https://img.alicdn.com/imgextra/i1/686947088/O1CN01tQaVEe22ELqDzORWv_!!686947088.jpg\"><img src=\"https://img.alicdn.com/imgextra/i1/686947088/O1CN01pPpZO122ELqFikhfq_!!686947088.jpg\"><img src=\"https://img.alicdn.com/imgextra/i4/686947088/O1CN015rUfW422ELqELmmbb_!!686947088.jpg\"><img src=\"https://img.alicdn.com/imgextra/i1/686947088/O1CN012o5kwi22ELqCkqlbF_!!686947088.jpg\"><img src=\"https://img.alicdn.com/imgextra/i4/686947088/O1CN01EcuhWk22ELqELmNgr_!!686947088.jpg\"><img src=\"https://img.alicdn.com/imgextra/i4/686947088/O1CN01Am5ynR22ELq7MXDsS_!!686947088.jpg\"><img src=\"https://img.alicdn.com/imgextra/i1/686947088/O1CN01vDIfhL22ELq7MWcRx_!!686947088.jpg\"><img src=\"https://img.alicdn.com/imgextra/i3/686947088/O1CN01A87agX22ELqGKyU5q_!!686947088.jpg\"><img src=\"https://img.alicdn.com/imgextra/i3/686947088/O1CN016sgogg22ELqEeejw8_!!686947088.jpg\"><img src=\"https://img.alicdn.com/imgextra/i2/686947088/O1CN01dTZ7qp22ELqCkr2Hx_!!686947088.jpg\"><img src=\"https://img.alicdn.com/imgextra/i1/686947088/O1CN01G71mhe22ELqDzPNk4_!!686947088.jpg\"><img src=\"https://img.alicdn.com/imgextra/i4/686947088/O1CN0141QGol22ELqBt5bkT_!!686947088.jpg\"><img src=\"https://img.alicdn.com/imgextra/i1/686947088/O1CN01555TaH22ELq7MW14H_!!686947088.jpg\"><img src=\"https://img.alicdn.com/imgextra/i4/686947088/O1CN01nh176Z22ELqFU3HYX_!!686947088.jpg\"><img src=\"https://img.alicdn.com/imgextra/i2/686947088/O1CN01otPMGD22ELqCkryUl_!!686947088.jpg\"><img src=\"https://img.alicdn.com/imgextra/i2/686947088/O1CN01FCMAtw22ELqFU4YYm_!!686947088.jpg\"><img src=\"https://img.alicdn.com/imgextra/i2/686947088/O1CN01uMuTeD22ELqEc1n7t_!!686947088.jpg\"><img src=\"https://img.alicdn.com/imgextra/i1/686947088/O1CN01fjPP8Y22ELqBt3jPF_!!686947088.jpg\"></p>','9bb404548cc6513c1c148b532b6db720','862a74f109f7f14bcbfff1d5adf73cdc','[\"http://joolun-base-test.oss-cn-zhangjiakou.aliyuncs.com/O1CN01fSka3s1IOudDI765b_!!2616970884.jpg\",\"http://joolun-base-test.oss-cn-zhangjiakou.aliyuncs.com/16.jpg\"]','0',0,4988.00,5488.00,464,'2019-08-26 14:37:45','2019-09-04 22:14:46','1','0',NULL,NULL,NULL,NULL,NULL),
('738c5e78eee34bdebf159335d39aa298','1','','【顺丰速发/赠6重礼】Huawei/华为#nova 5 Pro易烊千玺代言旗舰店新品手机正品nova 4e 4 3 3i 2 2s 3e','新品开售享优惠，赠小米6重礼','<p><img src=\"https://img.alicdn.com/imgextra/i2/809107100/O1CN01HKcJ0y22Jqc6jdPKi_!!809107100.jpg\"></p><p><img src=\"https://img.alicdn.com/imgextra/i1/809107100/O1CN01Lm2CnL22JqbZ41PAH_!!809107100.jpg\"><img src=\"https://img.alicdn.com/imgextra/i4/809107100/O1CN01m9XsUi22JqbelqkxZ_!!809107100.jpg\"><img src=\"https://img.alicdn.com/imgextra/i3/809107100/O1CN013LlLYK22JqbaLZdtz_!!809107100.jpg\"><img src=\"https://img.alicdn.com/imgextra/i1/809107100/O1CN01kgymmo22JqbZ41bdn_!!809107100.jpg\"><img src=\"https://img.alicdn.com/imgextra/i4/809107100/O1CN01wciEGN22JqbdAKDSJ_!!809107100.jpg\"><img src=\"https://img.alicdn.com/imgextra/i4/809107100/O1CN01cMK3Z722JqbeZEALH_!!809107100.jpg\"><img src=\"https://img.alicdn.com/imgextra/i2/809107100/O1CN01swN3Vd22JqbZ424kv_!!809107100.jpg\"><img src=\"https://img.alicdn.com/imgextra/i4/809107100/O1CN01dOc8jy22JqbdAJPYx_!!809107100.jpg\"><img src=\"https://img.alicdn.com/imgextra/i4/809107100/O1CN01wt6Bu422JqbcqeS0V_!!809107100.jpg\"><img src=\"https://img.alicdn.com/imgextra/i2/809107100/O1CN01bwuHWA22JqbcqeNrH_!!809107100.jpg\"><img src=\"https://img.alicdn.com/imgextra/i1/809107100/O1CN01FOen0T22Jqbc3JOnU_!!809107100.jpg\"><img src=\"https://img.alicdn.com/imgextra/i2/809107100/O1CN01tDRcQt22JqbdBkyLv_!!809107100.jpg\"><img src=\"https://img.alicdn.com/imgextra/i4/809107100/O1CN01UarOL622Jqbc12Y27_!!809107100.jpg\"><img src=\"https://img.alicdn.com/imgextra/i2/809107100/O1CN013MwucG22Jqbbw89Hp_!!809107100.jpg\"><img src=\"https://img.alicdn.com/imgextra/i4/809107100/O1CN01H3e81k22JqbZ414Pw_!!809107100.jpg\"><img src=\"https://img.alicdn.com/imgextra/i3/809107100/O1CN01sh1tC422JqbZ43osy_!!809107100.jpg\"><img src=\"https://img.alicdn.com/imgextra/i3/809107100/O1CN01qo0wEc22JqbUW6lYZ_!!809107100.jpg\"></p>','9bb404548cc6513c1c148b532b6db720','862a74f109f7f14bcbfff1d5adf73cdc','[\"http://joolun-base-test.oss-cn-zhangjiakou.aliyuncs.com/19.jpg\",\"http://joolun-base-test.oss-cn-zhangjiakou.aliyuncs.com/18.jpg\"]','0',0,3999.00,4399.00,0,'2019-08-26 15:10:24','2019-08-26 15:10:24','1','0',NULL,NULL,NULL,NULL,NULL),
('7ae8b6d47dabec6fe1dc298475128b21','1','','【6+64G版10点7.8折抢购】Huawei/华为Mate20手机5g官方旗舰店正品P30pro直降价mate20X新款Nova5pro','26-28日优惠抢购 6+128G版享7.8折优惠','<p><span style=\"color: rgb(64, 64, 64);\"><img src=\"https://img.alicdn.com/imgextra/i3/751075004/O1CN01jVxEFG1mpsT1EjVkM_!!751075004.jpg\"><img src=\"https://img.alicdn.com/imgextra/i1/751075004/O1CN01B3i0o71mpsT6kY8Ha_!!751075004.jpg\"><img src=\"https://img.alicdn.com/imgextra/i3/751075004/O1CN01zrKGja1mpsT6kWvS3_!!751075004.jpg\"><img src=\"https://img.alicdn.com/imgextra/i2/751075004/O1CN01eR6ZAQ1mpsT2mOuaO_!!751075004.jpg\"><img src=\"https://img.alicdn.com/imgextra/i1/751075004/O1CN01jGnkdc1mpsPOg4RFc_!!751075004.jpg\"><img src=\"https://img.alicdn.com/imgextra/i4/751075004/O1CN01VI3ieb1mpsPKE51jJ_!!751075004.jpg\"><img src=\"https://img.alicdn.com/imgextra/i2/751075004/O1CN01VDrPdr1mpsPJTQGqN_!!751075004.jpg\"><img src=\"https://img.alicdn.com/imgextra/i1/751075004/O1CN01OOvMFW1mpsT04SU1c_!!751075004.jpg\"><img src=\"https://img.alicdn.com/imgextra/i2/751075004/O1CN01DSwFUg1mpsT04Sx7G_!!751075004.jpg\"><img src=\"https://img.alicdn.com/imgextra/i4/751075004/O1CN0112JW691mpsT2mOF0P_!!751075004.jpg\"><img src=\"https://img.alicdn.com/imgextra/i4/751075004/O1CN01jlcMua1mpsT2mOAqs_!!751075004.jpg\"><img src=\"https://img.alicdn.com/imgextra/i3/751075004/O1CN01czvg3I1mpsT11ZHgM_!!751075004.jpg\"><img src=\"https://img.alicdn.com/imgextra/i2/751075004/O1CN01xwsFnb1mpsT04RTfZ_!!751075004.jpg\"><img src=\"https://img.alicdn.com/imgextra/i4/751075004/O1CN01GWqnip1mpsT04S0w5_!!751075004.jpg\"><img src=\"https://img.alicdn.com/imgextra/i4/751075004/O1CN01bqA7KX1mpsT5LHti6_!!751075004.jpg\"><img src=\"https://img.alicdn.com/imgextra/i1/751075004/O1CN01KR1mh41mpsT2VAw1J_!!751075004.jpg\"><img src=\"https://img.alicdn.com/imgextra/i3/751075004/O1CN01SEG4Hy1mpsT04ScKY_!!751075004.jpg\"><img src=\"https://img.alicdn.com/imgextra/i1/751075004/O1CN01L9Eb3G1mpsT11Zowh_!!751075004.jpg\"><img src=\"https://img.alicdn.com/imgextra/i4/751075004/O1CN014EsnHw1mpsT3EOKun_!!751075004.jpg\"><img src=\"https://img.alicdn.com/imgextra/i2/751075004/O1CN01LGixzJ1mpsT1Ejyo7_!!751075004.jpg\"><img src=\"https://img.alicdn.com/imgextra/i3/751075004/O1CN01hofyYK1mpsT6kVqvc_!!751075004.jpg\"><img src=\"https://img.alicdn.com/imgextra/i2/751075004/O1CN01yd8H991mpsT5qk1Si_!!751075004.jpg\"><img src=\"https://img.alicdn.com/imgextra/i2/751075004/O1CN01Zl5iwj1mpsT11ZU8S_!!751075004.jpg\"><img src=\"https://img.alicdn.com/imgextra/i3/751075004/O1CN01g42Rbm1mpsT04SHYQ_!!751075004.jpg\"><img src=\"https://img.alicdn.com/imgextra/i4/751075004/O1CN0171Oo1m1mpsT1ElitC_!!751075004.jpg\"><img src=\"https://img.alicdn.com/imgextra/i3/751075004/O1CN011mpsNkNHd9H2RhV_!!751075004.jpg\"></span></p>','9bb404548cc6513c1c148b532b6db720','862a74f109f7f14bcbfff1d5adf73cdc','[\"http://joolun-base-test.oss-cn-zhangjiakou.aliyuncs.com/22.png\"]','0',0,3899.00,4699.00,0,'2019-08-26 15:08:31','2019-08-26 15:08:31','1','0',NULL,NULL,NULL,NULL,NULL),
('87ec583e2883cbd2fd259f47ece0fe15','1','','可优惠900/送壕礼/Huawei/华为 Nova 4中移动手机正品官方旗舰店新款青春版3i2s 3e 32plus 4e 5高配版Pro','最高优惠900/全国联保/再送壕礼！','<p><a href=\"https://pages.tmall.com/wow/a/act/ju/dailygroup/165/wupr?wh_pid=daily-162671\" target=\"_blank\" style=\"color: rgb(51, 85, 170);\"><img src=\"https://img.alicdn.com/imgextra/i3/1776456424/O1CN01BuwjUK1xKEsjohG37_!!1776456424.jpg\"></a><span style=\"color: rgb(64, 64, 64);\"><img src=\"https://img.alicdn.com/imgextra/i2/1776456424/O1CN01hjor4b1xKEslWIxDv_!!1776456424.jpg\"><img src=\"https://img.alicdn.com/imgextra/i2/1776456424/O1CN018hPVGP1xKEorbraLs_!!1776456424.jpg\"></span></p><p><span style=\"color: rgb(64, 64, 64);\"><img src=\"https://img.alicdn.com/imgextra/i4/1776456424/O1CN01b5wdQ61xKEroGytUe_!!1776456424.jpg\"></span></p><p><span style=\"color: rgb(64, 64, 64);\"><img src=\"https://img.alicdn.com/imgextra/i2/1776456424/O1CN019q71Lm1xKEsZnF5ie_!!1776456424.jpg\"></span></p><p><span style=\"color: rgb(64, 64, 64);\"><img src=\"https://img.alicdn.com/imgextra/i4/1776456424/O1CN01cu6iVy1xKEsSnTh4j_!!1776456424.jpg\"></span></p><p><span style=\"color: rgb(64, 64, 64);\"><img src=\"https://img.alicdn.com/imgextra/i2/1776456424/O1CN01Ao9iBe1xKEro8t36J_!!1776456424.jpg\"><img src=\"https://img.alicdn.com/imgextra/i3/1776456424/O1CN01qprNEv1xKEsZyRPvC_!!1776456424.jpg\"></span></p><p><span style=\"color: rgb(64, 64, 64);\"><img src=\"https://img.alicdn.com/imgextra/i4/1776456424/O1CN01WePTyw1xKErq70lQj_!!1776456424.jpg\"><img src=\"https://img.alicdn.com/imgextra/i4/1776456424/O1CN01yjG99b1xKEsWCXsiq_!!1776456424.jpg\"></span></p><p><span style=\"color: rgb(64, 64, 64);\"><img src=\"https://img.alicdn.com/imgextra/i4/1776456424/O1CN015HBfs11xKEoR25qqV_!!1776456424.jpg\"><img src=\"https://img.alicdn.com/imgextra/i1/1776456424/O1CN01MO9oMd1xKEpK79BbJ_!!1776456424.jpg\"><img src=\"https://img.alicdn.com/imgextra/i1/1776456424/O1CN01KSsv3u1xKEpNIadlG_!!1776456424.jpg\"><img src=\"https://img.alicdn.com/imgextra/i3/1776456424/O1CN01zeuTlh1xKEpMc21z8_!!1776456424.jpg\"><img src=\"https://img.alicdn.com/imgextra/i2/1776456424/O1CN01Ru3j8T1xKEpMc3N8R_!!1776456424.jpg\"></span></p>','9bb404548cc6513c1c148b532b6db720','862a74f109f7f14bcbfff1d5adf73cdc','[\"http://joolun-base-test.oss-cn-zhangjiakou.aliyuncs.com/50.jpg\",\"http://joolun-base-test.oss-cn-zhangjiakou.aliyuncs.com/51.jpg\",\"http://joolun-base-test.oss-cn-zhangjiakou.aliyuncs.com/52.jpg\"]','0',0,2799.00,3599.00,67,'2019-08-26 14:48:33','2019-09-04 22:14:50','1','0',NULL,NULL,NULL,NULL,NULL),
('a6a347b17dd360c30d792638a956d0e7','1','','现货速发正品联保/Huawei/华为 畅享 MAX全面屏4g手机正品官方旗舰店7降价nova3i大屏智能手机畅想8plus','12期0首付 正品联保带票','<p><a href=\"https://detail.tmall.com/item.htm?spm=a21ag.7623864.0.0.70eb3ba5duuEmD&amp;id=600648868127&amp;sku_properties=5919063:6536025;122216431:27772&amp;scene=taobao_shop\" target=\"_blank\" style=\"color: rgb(41, 83, 166);\"><img src=\"https://gdp.alicdn.com/imgextra/i1/761647182/O1CN01JKun3z22vP6E8mDxe_!!761647182.jpg\"></a></p><p class=\"ql-align-center\"><img src=\"https://img.alicdn.com/imgextra/i4/761647182/O1CN01gi3VCF22vP5ZWvwuB_!!761647182.jpg\"><img src=\"https://img.alicdn.com/imgextra/i4/761647182/O1CN01O5tzIj22vP5Ic2jxQ_!!761647182.png\"><img src=\"https://img.alicdn.com/imgextra/i4/761647182/O1CN01cjx1IX22vP56JMx3B_!!761647182.jpg\"></p><p class=\"ql-align-center\"><img src=\"https://img.alicdn.com/imgextra/i2/761647182/O1CN01taHwM222vP1y9cRBh_!!761647182.jpg\"><img src=\"https://img.alicdn.com/imgextra/i4/761647182/O1CN01Y1mxLH22vP1wtLg2Y_!!761647182.jpg\"><img src=\"https://img.alicdn.com/imgextra/i1/761647182/O1CN0122vP0rF35399tnx_!!761647182.png\"><img src=\"https://img.alicdn.com/imgextra/i2/761647182/O1CN0122vP0rUodfqF59e_!!761647182.jpg\"><img src=\"https://img.alicdn.com/imgextra/i1/761647182/O1CN01YADz9F22vP6GyoKNe_!!761647182.jpg\"><img src=\"https://img.alicdn.com/imgextra/i4/761647182/O1CN0122vP0p8a67oICEO_!!761647182.jpg\"><img src=\"https://img.alicdn.com/imgextra/i4/761647182/O1CN01hjMC8N22vP6GyLfA9_!!761647182.jpg\"><img src=\"https://img.alicdn.com/imgextra/i2/761647182/O1CN010x8qeD22vP6DIk2Wb_!!761647182.jpg\"><img src=\"https://img.alicdn.com/imgextra/i3/761647182/O1CN0122vP0rtHL7QQJQ1_!!761647182.jpg\"><img src=\"https://img.alicdn.com/imgextra/i1/761647182/O1CN0122vP0quDI2aMbjD_!!761647182.jpg\"><img src=\"https://img.alicdn.com/imgextra/i1/761647182/O1CN0122vP0kMaqPGTU99_!!761647182.jpg\"><img src=\"https://img.alicdn.com/imgextra/i3/761647182/O1CN0122vP0sJFdN7Mr7p_!!761647182.jpg\"></p><p><br></p>','9bb404548cc6513c1c148b532b6db720','862a74f109f7f14bcbfff1d5adf73cdc','[\"http://joolun-base-test.oss-cn-zhangjiakou.aliyuncs.com/27.jpg\",\"http://joolun-base-test.oss-cn-zhangjiakou.aliyuncs.com/219.jpg\"]','0',0,2099.00,3099.00,0,'2019-08-26 14:53:55','2019-08-26 14:53:56','1','0',NULL,NULL,NULL,NULL,NULL),
('a7f09db88c956e0c6ba3323420b6fae8','1','','Huawei/华为 nova 5 Pro华为nova5直降官方旗舰店正品mate20x手机5g全网通p20荣耀p30','21点前付款当天发 正品保修3年 送33重好礼','<p><img src=\"https://img.alicdn.com/imgextra/i3/1800399917/O1CN01dhOBVj2N82L4Cl6OM_!!1800399917.jpg\" alt=\"nova5系列详情关联.jpg\"></p><p><a href=\"https://taoquan.taobao.com/coupon/unify_apply.htm?sellerId=1800399917&amp;activityId=02cca4feea834c3798d6a4f479215c72\" target=\"_blank\" style=\"color: rgb(51, 85, 170);\"><img src=\"https://img.alicdn.com/imgextra/i4/1800399917/O1CN010AGSFV2N82Kx0Telj_!!1800399917.jpg\"><img src=\"https://img.alicdn.com/imgextra/i1/1800399917/O1CN01MKcH5a2N82L6nHxtE_!!1800399917.jpg\"><img src=\"https://img.alicdn.com/imgextra/i3/1800399917/O1CN01820Ah62N82L5sNRaj_!!1800399917.jpg\"></a><a href=\"https://luckygo.ewszjk.m.jaeapp.com/pg?spm=a220o.1000855.0.0.13a44379ryPOCA&amp;i=LGzRGzLFzSAzMCzRFzLFzSCzLHzREzLH\" target=\"_blank\" style=\"color: rgb(51, 85, 170);\"><img src=\"https://img.alicdn.com/imgextra/i3/1800399917/O1CN01pmFii82N82Ko9lhAh_!!1800399917.jpg\"></a><a href=\"https://tvos.taobao.com/wow/yunos/act/shuang11gonglue?spm=a220o.1000855.0.0.11e76d34xMv9jB&amp;wh_q=fanliguize1\" target=\"_blank\" style=\"color: rgb(51, 85, 170);\"><img src=\"https://img.alicdn.com/imgextra/i2/1800399917/O1CN01rMsxxV2N82Kxulmct_!!1800399917.jpg\"><img src=\"https://img.alicdn.com/imgextra/i4/1800399917/O1CN01iuSuj12N82KCOZkj4_!!1800399917.jpg\"><img src=\"https://img.alicdn.com/imgextra/i2/1800399917/O1CN01uk9WrD2N82L5frkrf_!!1800399917.jpg\"><img src=\"https://img.alicdn.com/imgextra/i4/1800399917/O1CN01zcWJn82N82L5fqcBb_!!1800399917.jpg\"><img src=\"https://img.alicdn.com/imgextra/i3/1800399917/O1CN01KLhmWv2N82Klpi2Sg_!!1800399917.jpg\"></a><img src=\"https://img.alicdn.com/imgextra/i4/1800399917/O1CN01BtQABB2N82KzzMvbr_!!1800399917.jpg\"><img src=\"https://img.alicdn.com/imgextra/i3/1800399917/O1CN01Jrnh4E2N82KYoqv8i_!!1800399917.jpg\"><img src=\"https://img.alicdn.com/imgextra/i2/1800399917/O1CN01T5uQEp2N82KIe7ZH9_!!1800399917.jpg\"></p>','9bb404548cc6513c1c148b532b6db720','862a74f109f7f14bcbfff1d5adf73cdc','[\"http://joolun-base-test.oss-cn-zhangjiakou.aliyuncs.com/31.jpg\",\"http://joolun-base-test.oss-cn-zhangjiakou.aliyuncs.com/30.jpg\",\"http://joolun-base-test.oss-cn-zhangjiakou.aliyuncs.com/219.jpg\",\"http://joolun-base-test.oss-cn-zhangjiakou.aliyuncs.com/O1CN01u9BXxE2N82K9YvKMd_!!1800399917.jpg\"]','0',0,3999.00,4399.00,3,'2019-08-26 14:40:33','2019-09-04 22:14:51','1','0',NULL,NULL,NULL,NULL,NULL),
('c8e43ca96818c00a18072eb0e1c6fe83','1','','现货速发/分期免息/送座充榨汁机剃须刀Huawei/华为 P30 Pro手机正品官方旗舰店20降价mate20pro新款nova5pro','顺丰包邮 咨询豪礼 立省百元 麒麟980处理器','<p><img src=\"https://img.alicdn.com/imgextra/i2/2615238525/O1CN01Ip5q342CqV0w0Nd0M_!!2615238525.jpg\"><img src=\"https://img.alicdn.com/imgextra/i4/2615238525/O1CN01xe0ELG2CqUyg3huKX_!!2615238525.jpg\"></p><p><img src=\"https://img.alicdn.com/imgextra/i3/2615238525/O1CN01Ryg9Qe2CqV0jMtood_!!2615238525.jpg\"><img src=\"https://img.alicdn.com/imgextra/i2/2615238525/O1CN01sN0DIP2CqV0qRRE4b_!!2615238525.jpg\"><img src=\"https://img.alicdn.com/imgextra/i2/2615238525/O1CN01Aqf06i2CqV0nlPVzB_!!2615238525.jpg\"><a href=\"https://favoritemaster.ews.m.jaeapp.com/active_fix.php?t=s&amp;s=128733343&amp;u=https%3a%2f%2fh5.m.taobao.com%2fsmart-interaction%2ffollow.html%3f_wvUseWKWebView%3dYES%26type%3dtb%26id%3d2615238525%26r%3dfalse%26back%3dhttps%253a%252f%252fds.alipay.com%252f%253ffrom%253dmobilecodec%2526scheme%253dalipays%25253A%25252F%25252Fplatformapi%25252Fstartapp%25253FappId%25253D2018103161909533%252526page%25253Dpages%2525252Fhome%2525252Findex%252526query%25253Dchannel%2525253Dhwmwtm\" target=\"_blank\" style=\"color: rgb(51, 85, 170);\"><img src=\"https://img.alicdn.com/imgextra/i3/2615238525/O1CN01XvZVCu2CqV13m6CXJ_!!2615238525.jpg\"></a><img src=\"https://img.alicdn.com/imgextra/i3/2615238525/O1CN01EFIHBu2CqUzf52NBc_!!2615238525.jpg\"><img src=\"https://img.alicdn.com/imgextra/i1/2615238525/O1CN01lJfYx52CqV12rM20r_!!2615238525.jpg\"><img src=\"https://img.alicdn.com/imgextra/i4/2615238525/O1CN01nwbkIx2CqV0eha6sc_!!2615238525.jpg\"><img src=\"https://img.alicdn.com/imgextra/i2/2615238525/O1CN01h6K0742CqV0znwhO7_!!2615238525.jpg\"><img src=\"https://img.alicdn.com/imgextra/i4/2615238525/O1CN01H4U47l2CqV0wShRZH_!!2615238525.jpg\"><img src=\"https://img.alicdn.com/imgextra/i3/2615238525/O1CN01QkGn5J2CqV0xdMD4P_!!2615238525.jpg\"><img src=\"https://img.alicdn.com/imgextra/i3/2615238525/O1CN01T5p1Vf2CqUzVQmuIP_!!2615238525.jpg\"><img src=\"https://img.alicdn.com/imgextra/i3/2615238525/O1CN01OlrOxz2CqUzV3fJN8_!!2615238525.jpg\"><img src=\"https://img.alicdn.com/imgextra/i2/2615238525/O1CN01wEkEHB2CqUzYg9FeN_!!2615238525.jpg\"><img src=\"https://img.alicdn.com/imgextra/i2/2615238525/O1CN01HS6oES2CqUzU7U2jm_!!2615238525.jpg\"><img src=\"https://img.alicdn.com/imgextra/i4/2615238525/O1CN01mhVsFy2CqUzWsCGop_!!2615238525.jpg\"><img src=\"https://img.alicdn.com/imgextra/i4/2615238525/O1CN01LKsWcx2CqUyZzRCej_!!2615238525.jpg\"><img src=\"https://img.alicdn.com/imgextra/i4/2615238525/O1CN01NKzQcn2CqV0BuBPaK_!!2615238525.jpg\"><img src=\"https://img.alicdn.com/imgextra/i2/2615238525/O1CN01IVkJeS2CqUyEcPO5F_!!2615238525.jpg\"><img src=\"https://img.alicdn.com/imgextra/i1/2615238525/O1CN01fzsXTS2CqUyiYDsg9_!!2615238525.jpg\"><img src=\"https://img.alicdn.com/imgextra/i3/2615238525/O1CN01zkDuhO2CqUye1AHCi_!!2615238525.jpg\"><img src=\"https://img.alicdn.com/imgextra/i3/2615238525/O1CN01yoTdLX2CqUybrC39a_!!2615238525.jpg\"><img src=\"https://img.alicdn.com/imgextra/i1/2615238525/O1CN01sWfeRd2CqUybsDLK3_!!2615238525.jpg\"><img src=\"https://img.alicdn.com/imgextra/i4/2615238525/O1CN01drCoQ22CqUycsur1i_!!2615238525.jpg\"><img src=\"https://img.alicdn.com/imgextra/i4/2615238525/O1CN01i4ri6G2CqUybrCFcA_!!2615238525.jpg\"><img src=\"https://img.alicdn.com/imgextra/i4/2615238525/O1CN01az0Ifp2CqUye1BkgL_!!2615238525.jpg\"><img src=\"https://img.alicdn.com/imgextra/i4/2615238525/O1CN01eGo2q62CqUytDV7CM_!!2615238525.jpg\"><img src=\"https://img.alicdn.com/imgextra/i3/2615238525/O1CN01BeJdc62CqUyaStMHn_!!2615238525.jpg\"><img src=\"https://img.alicdn.com/imgextra/i3/2615238525/O1CN01bJVTw02CqUyYew812_!!2615238525.jpg\"><img src=\"https://img.alicdn.com/imgextra/i3/2615238525/O1CN01CGJE4t2CqUyYevWcQ_!!2615238525.jpg\"><img src=\"https://img.alicdn.com/imgextra/i2/2615238525/O1CN01owMhw12CqUyaSth6w_!!2615238525.jpg\"><img src=\"https://img.alicdn.com/imgextra/i4/2615238525/O1CN01MdChlE2CqUybO30kn_!!2615238525.jpg\"><img src=\"https://img.alicdn.com/imgextra/i2/2615238525/O1CN01wOr5vq2CqUyfnMIer_!!2615238525.jpg\"><img src=\"https://img.alicdn.com/imgextra/i4/2615238525/O1CN01QP9bgq2CqUycnBrap_!!2615238525.jpg\"><img src=\"https://img.alicdn.com/imgextra/i4/2615238525/O1CN01lK1iFm2CqUyZpSvzn_!!2615238525.jpg\"><img src=\"https://img.alicdn.com/imgextra/i2/2615238525/O1CN01ZzptC12CqV14SGI8V_!!2615238525.jpg\"></p><p><a href=\"https://huaweimw.tmall.com/p/rd060790.htm?spm=a220o.1000855.w5003-15413351717.1.58935b65xWc3wB&amp;scene=taobao_shop\" target=\"_blank\" style=\"color: rgb(41, 83, 166);\"><img src=\"https://gdp.alicdn.com/imgextra/i3/2615238525/O1CN01ZU7ZYP2CqV0rxn5sV_!!2615238525.jpg\"><img src=\"https://gdp.alicdn.com/imgextra/i4/2615238525/O1CN012CqUvIxbUCXV7ql_!!2615238525.jpg\"></a><img src=\"https://gdp.alicdn.com/imgextra/i4/2615238525/TB2tSdYXSB0XKJjSZFsXXaxfpXa_!!2615238525.jpg\" alt=\" 7天无理由.jpg\"></p><p><img src=\"https://gdp.alicdn.com/imgextra/i2/2615238525/O1CN0122ziW42CqUwSrl1ar_!!2615238525.jpg\" alt=\" 店铺服务详情.png\"><img src=\"https://gdp.alicdn.com/imgextra/i2/2615238525/TB2k9rkao7iyKJjSszcXXavlpXa_!!2615238525.jpg\" alt=\" 常见问题页尾.png\"></p><p><br></p>','9bb404548cc6513c1c148b532b6db720','862a74f109f7f14bcbfff1d5adf73cdc','[\"http://joolun-base-test.oss-cn-zhangjiakou.aliyuncs.com/16.jpg\",\"http://joolun-base-test.oss-cn-zhangjiakou.aliyuncs.com/22.png\"]','0',0,4688.00,5999.00,68,'2019-08-26 15:12:15','2019-09-04 22:14:53','1','0',NULL,NULL,NULL,NULL,NULL),
('fbeaa277979be8cbaee8ab7fe3734f2f','1','','【2019全新款】笔记本电脑酷睿I7处理器超薄窄边框金属轻薄便携学生女生款15.6游戏本手提商务超极本大学生用','英特尔i7处理器 全金属机身 窄边框设计','<p><span style=\"color: rgb(64, 64, 64);\"><img src=\"https://img.alicdn.com/imgextra/i3/1725781005/O1CN01WrwgUU1JIKb3kmWH7_!!1725781005.jpg\"><img src=\"https://img.alicdn.com/imgextra/i2/1725781005/O1CN01HLp4mR1JIKb7XEYek_!!1725781005.jpg\"><img src=\"https://img.alicdn.com/imgextra/i1/1725781005/O1CN01OM9WZA1JIKb69279r_!!1725781005.jpg\"><img src=\"https://img.alicdn.com/imgextra/i2/1725781005/O1CN017UE9MJ1JIKb47H6aI_!!1725781005.jpg\"><img src=\"https://img.alicdn.com/imgextra/i2/1725781005/O1CN01DFI35O1JIKawQSjDE_!!1725781005.jpg\"><img src=\"https://img.alicdn.com/imgextra/i1/1725781005/O1CN01GsNLhU1JIKb11h460_!!1725781005.jpg\"><img src=\"https://img.alicdn.com/imgextra/i2/1725781005/O1CN011v4C6P1JIKb7XCD7O_!!1725781005.jpg\"><img src=\"https://img.alicdn.com/imgextra/i2/1725781005/O1CN01ArggqY1JIKb3MjrXW_!!1725781005.jpg\"><img src=\"https://img.alicdn.com/imgextra/i1/1725781005/O1CN01ZQMTdz1JIKb5QJ7hY_!!1725781005.jpg\"><img src=\"https://img.alicdn.com/imgextra/i3/1725781005/O1CN016htpH11JIKb3MizU7_!!1725781005.jpg\"><img src=\"https://img.alicdn.com/imgextra/i3/1725781005/O1CN01ijkCS71JIKb46z7Td_!!1725781005.jpg\"><img src=\"https://img.alicdn.com/imgextra/i3/1725781005/O1CN01GAtQ9g1JIKb7XEpKK_!!1725781005.jpg\"><img src=\"https://img.alicdn.com/imgextra/i2/1725781005/O1CN0132DtZe1JIKb3Min2W_!!1725781005.jpg\"><img src=\"https://img.alicdn.com/imgextra/i1/1725781005/O1CN01kyCPn01JIKbD6C56p_!!1725781005.jpg\"></span></p>','c60c5526496d5dd9e1f507c836473699','3c8d3fd9400792e716814e7952f60e72','[\"http://joolun-base-test.oss-cn-zhangjiakou.aliyuncs.com/5.jpg\",\"http://joolun-base-test.oss-cn-zhangjiakou.aliyuncs.com/6.jpg\"]','0',0,2988.00,3988.00,5,'2019-08-27 21:56:16','2019-09-04 22:14:55','1','0',NULL,NULL,NULL,NULL,NULL),
('ff39bc8f64b1d9b524b28c6000af8191','1','','海信 BCD-220D/Q电冰箱家用三开门冷藏冷冻节能静音小型租房宿舍','金色三门 中门软冷冻 220升家庭优选','<p><span style=\"color: rgb(51, 85, 170);\"><img src=\"https://img.alicdn.com/imgextra/i3/1055977456/O1CN01F2chQ424wtZxdS0j3_!!1055977456.jpg\"><img src=\"https://img.alicdn.com/imgextra/i2/1055977456/O1CN010RV9r724wtZz2bCiE_!!1055977456.jpg\"></span><a href=\"https://taoquan.taobao.com/coupon/unify_apply.htm?sellerId=1055977456&amp;activityId=7f0ee234f9a44f318b5d7fe8db7cef36\" target=\"_blank\" style=\"color: rgb(51, 85, 170);\"><img src=\"https://img.alicdn.com/imgextra/i3/1055977456/O1CN010oAAtA24wtZwVxegR_!!1055977456.jpg\"></a><span style=\"color: rgb(255, 255, 255);\"><img src=\"https://img.alicdn.com/imgextra/i4/1055977456/O1CN01VSgBwp24wtZxdSwwt_!!1055977456.jpg\"><img src=\"https://img.alicdn.com/imgextra/i2/1055977456/O1CN01MlGlqz24wta03oBYo_!!1055977456.jpg\"></span></p>','a629d3418f406d27dfdcde71670ffa0a','ddbe36b3a276020b92020f398e420895','[\"http://joolun-base-test.oss-cn-zhangjiakou.aliyuncs.com/21.jpg\"]','0',0,0.01,0.01,109,'2019-08-27 22:20:35','2019-09-04 22:14:55','0','0',NULL,NULL,NULL,NULL,NULL),
('ff3d6dd5a37ff42e2b67b87bd12d1d01','1','','VIOMI/云米 BCD-456WMSD电冰箱双开门对开门智能风冷无霜家用小型','风冷无霜大容量对开门超静音','<p><span style=\"color: rgb(64, 64, 64);\"><img src=\"https://img.alicdn.com/imgextra/i4/3120126962/O1CN01mVUEC221IdxfKN5DL_!!3120126962.jpg\"><img src=\"https://img.alicdn.com/tps/i1/TB1AHXiGXXXXXXAXVXX.uTD.FXX-10-10.png\"><img src=\"https://img.alicdn.com/imgextra/i2/3120126962/O1CN01EDOkE421Idxn3eOzC_!!3120126962.jpg\"><img src=\"https://img.alicdn.com/tps/i1/TB1AHXiGXXXXXXAXVXX.uTD.FXX-10-10.png\"><img src=\"https://img.alicdn.com/imgextra/i4/3120126962/O1CN01w7KGMD21IdxfKMHNc_!!3120126962.jpg\"><img src=\"https://img.alicdn.com/imgextra/i1/3120126962/O1CN0190rGjx21IdxjuSWpw_!!3120126962.jpg\"><img src=\"https://img.alicdn.com/imgextra/i2/3120126962/O1CN01vm9EE321IdxfKNYKk_!!3120126962.jpg\"><img src=\"https://img.alicdn.com/imgextra/i1/3120126962/O1CN019OQJFL21IdxpdnC4f_!!3120126962.jpg\"><img src=\"https://img.alicdn.com/imgextra/i3/3120126962/O1CN01nH0ObG21Idxn1stwV_!!3120126962.jpg\"><img src=\"https://img.alicdn.com/imgextra/i4/3120126962/O1CN01VNKf2I21IdxoEYdTw_!!3120126962.jpg\"><img src=\"https://img.alicdn.com/imgextra/i1/3120126962/O1CN01CV56FA21IdxjuROE8_!!3120126962.jpg\"><img src=\"https://img.alicdn.com/imgextra/i4/3120126962/O1CN01oFALYE21IdxoPetkc_!!3120126962.jpg\"></span></p>','a629d3418f406d27dfdcde71670ffa0a','ddbe36b3a276020b92020f398e420895','[\"http://joolun-base-test.oss-cn-zhangjiakou.aliyuncs.com/20.jpg\",\"http://joolun-base-test.oss-cn-zhangjiakou.aliyuncs.com/71.jpg\"]','0',0,2999.00,2999.00,7,'2019-08-27 22:19:17','2019-09-04 22:14:59','1','0',NULL,NULL,NULL,NULL,NULL);

/*Table structure for table `goods_spu_spec` */

DROP TABLE IF EXISTS `goods_spu_spec`;

CREATE TABLE `goods_spu_spec` (
  `id` varchar(32) CHARACTER SET utf8 COLLATE utf8_general_ci NOT NULL COMMENT 'PK',
  `tenant_id` varchar(32) CHARACTER SET utf8mb4 COLLATE utf8mb4_0900_ai_ci NOT NULL COMMENT '所属租户',
  `spu_id` varchar(32) CHARACTER SET utf8mb4 COLLATE utf8mb4_0900_ai_ci NOT NULL COMMENT 'spu_id',
  `spec_id` varchar(32) CHARACTER SET utf8mb4 COLLATE utf8mb4_0900_ai_ci NOT NULL COMMENT 'spec_id',
  `create_time` datetime DEFAULT CURRENT_TIMESTAMP COMMENT '创建时间',
  `update_time` datetime DEFAULT NULL ON UPDATE CURRENT_TIMESTAMP COMMENT '更新时间',
  PRIMARY KEY (`id`) USING BTREE,
  KEY `ids_tenant_id` (`tenant_id`) USING BTREE
) ENGINE=InnoDB DEFAULT CHARSET=utf8mb4 COLLATE=utf8mb4_0900_ai_ci ROW_FORMAT=DYNAMIC COMMENT='spu规格表';

/*Data for the table `goods_spu_spec` */

insert  into `goods_spu_spec`(`id`,`tenant_id`,`spu_id`,`spec_id`,`create_time`,`update_time`) values 
('00eade3499a6aa0fdc418b2784cd2c34','1','58c12341a226b641435b9aa435a1133c','3','2019-09-27 16:55:41',NULL),
('085b63bc5baa00871e9520d0394b7465','1','28a43d02e7292131173fd0cc16cf3df8','3','2019-10-27 12:35:20',NULL),
('0e58d5e64bc9335616b9767ff6c87468','1','c8e43ca96818c00a18072eb0e1c6fe83','2','2019-09-26 14:09:21',NULL),
('18be11675209ba3bf92ff867d1cfc87d','1','a7f09db88c956e0c6ba3323420b6fae8','7f3333f95900cf5fce3dc41ef93e46bc','2019-10-27 12:25:29',NULL),
('1a6b292d59e39843d0ddb1f67e1dc803','1','ff3d6dd5a37ff42e2b67b87bd12d1d01','3','2019-09-27 16:25:10',NULL),
('204ab4df63a9ea496fabaaceaa261f95','1','32ba699e9c291e801740077ae9a1889e','3','2019-09-27 16:54:43',NULL),
('20587c05d9871ceb4932e5dbdb535be2','1','738c5e78eee34bdebf159335d39aa298','2','2019-11-12 11:55:44',NULL),
('23d79993ec504819116f5109ec524a80','1','58c12341a226b641435b9aa435a1133c','2','2019-09-27 16:55:41',NULL),
('24087fa972bd030570f58c9bff03bf2b','1','a6a347b17dd360c30d792638a956d0e7','3','2019-09-10 17:13:09',NULL),
('2591e324f32d2ba013c1180f92cfc2d7','1','40759ad0d99420e1c1ed79b67282bd74','3','2019-09-27 16:32:22',NULL),
('25b7dda98d6cb08130454d09ebd5644d','1','87ec583e2883cbd2fd259f47ece0fe15','2','2019-09-05 22:40:16',NULL),
('3156caa3225f630fdaf4f9abaa0f38c2','1','43768c89b11316e1edf56c2fd56f7751','b38b0d33b310ff6e6c9f6762092e238d','2019-10-27 12:10:08',NULL),
('32d41f26491f3158897f4975ed6204d5','1','a6a347b17dd360c30d792638a956d0e7','1','2019-09-10 17:13:09',NULL),
('397a8005cdbf3bf940606ecc313e7fb5','1','7ae8b6d47dabec6fe1dc298475128b21','3','2019-09-05 22:37:35',NULL),
('3c64032370b780011b07855f7805730b','1','40759ad0d99420e1c1ed79b67282bd74','1','2019-09-27 16:32:22',NULL),
('409adcb2210b96807b8a082665d325ed','1','5c931915ee4ad040732a56d039c0f539','3','2019-09-19 17:30:08',NULL),
('4446477c1ef0c55c671675c798ce8d0e','1','6545a6fc2927edc195b93982f446917c','3','2019-09-27 16:55:23',NULL),
('465cbad4864a9bea035e23faa95ecd1e','1','6545a6fc2927edc195b93982f446917c','1','2019-09-27 16:55:23',NULL),
('4b125723802759a84c24cf2a4d126978','1','2835671ff031c18cb181b1a199f86b01','1','2019-10-11 14:28:18',NULL),
('4f47e53d933828b027e93db16d2c1529','1','c8e43ca96818c00a18072eb0e1c6fe83','1','2019-09-26 14:09:21',NULL),
('516d4738bd4c599f50bd5af41cbcc3da','1','a6a347b17dd360c30d792638a956d0e7','2','2019-09-10 17:13:09',NULL),
('53a89e59068fa728afde97df8476f868','1','4d06c5157cce971b89166e509cdf63e8','02c21865a7681cc77f9b7f60d48cf2a1','2019-11-17 16:29:11',NULL),
('565525d49c1b0ec8597aeba292a0cea9','1','fbeaa277979be8cbaee8ab7fe3734f2f','1','2019-09-27 16:10:00',NULL),
('606eeee736679391ca9f032b24a3a3c0','1','58c12341a226b641435b9aa435a1133c','1','2019-09-27 16:55:41',NULL),
('6170aa925c033d8661fcfc0f82ee290a','1','32ba699e9c291e801740077ae9a1889e','1','2019-09-27 16:54:43',NULL),
('62b7e66ab7efb94c18d8bdd1a5cbdf1d','1','2835671ff031c18cb181b1a199f86b01','3','2019-10-11 14:28:18',NULL),
('6b81b3067783aab6d4fc7de5f4c2ea70','1','2835671ff031c18cb181b1a199f86b01','2','2019-10-11 14:28:18',NULL),
('6d8b163359a9f72afe62aa21a967ac35','1','621e6207964c8c08abec45adcc3791dd','2','2019-09-05 22:41:10',NULL),
('7c27bed26a891e6c35f4a2d96e278775','1','87ec583e2883cbd2fd259f47ece0fe15','3','2019-09-05 22:40:16',NULL),
('8427b2540e2af1ff515a7f69e67dd2f4','1','a7f09db88c956e0c6ba3323420b6fae8','3','2019-10-27 12:25:29',NULL),
('86387087f1dcbf2ef639073accea5288','1','a7f09db88c956e0c6ba3323420b6fae8','1','2019-10-27 12:25:29',NULL),
('874043047523a9b778b8b8fc9e547a2d','1','1b46c10d275262533b352329cc6d3af0','b38b0d33b310ff6e6c9f6762092e238d','2019-09-27 16:53:33',NULL),
('8dbe4d14a996b5f1e54b668986ebafdb','1','5c931915ee4ad040732a56d039c0f539','1','2019-09-19 17:30:08',NULL),
('9238ccfef5532c8349441a1bc2692d52','1','7ae8b6d47dabec6fe1dc298475128b21','1','2019-09-05 22:37:35',NULL),
('951ebacbb53c3acf3547b45efce39df7','1','6545a6fc2927edc195b93982f446917c','7f3333f95900cf5fce3dc41ef93e46bc','2019-09-27 16:55:23',NULL),
('9bae59d735738eb81fdeb171bb09a9be','1','32ba699e9c291e801740077ae9a1889e','2','2019-09-27 16:54:43',NULL),
('9d3bb54a9f0dc3b5d1b6da07c54afbd7','1','c8e43ca96818c00a18072eb0e1c6fe83','3','2019-09-26 14:09:21',NULL),
('a351922b810db5129627cd1012ef7a47','1','a6a347b17dd360c30d792638a956d0e7','02c21865a7681cc77f9b7f60d48cf2a1','2019-09-10 17:13:09',NULL),
('a98577eef137b925e6ddc04b46f3aceb','1','28a43d02e7292131173fd0cc16cf3df8','22d6082e0c1cc2b5a570195f8d91ddad','2019-10-27 12:35:20',NULL),
('a99c7d0948a5d799e3e11172d5b06b82','1','738c5e78eee34bdebf159335d39aa298','1','2019-11-12 11:55:44',NULL),
('adbe740959c806d0355df55ddd796915','1','738c5e78eee34bdebf159335d39aa298','3','2019-11-12 11:55:44',NULL),
('b2fe1741e9e07c88f3fd8c2d443ec653','1','7ae8b6d47dabec6fe1dc298475128b21','2','2019-09-05 22:37:35',NULL),
('b57d83a840e65cbe9bcf87ce123e09cf','1','621e6207964c8c08abec45adcc3791dd','1','2019-09-05 22:41:10',NULL),
('b7f32b2d699b16fc800c7602952b6178','1','28a43d02e7292131173fd0cc16cf3df8','2','2019-10-27 12:35:20',NULL),
('ba19abe8c4ef5a92a74092255091464a','1','3d2c153cb94c0a3fa24fc07f47dd801d','b38b0d33b310ff6e6c9f6762092e238d','2019-09-27 16:09:43',NULL),
('c1c49b5ef605aa67a7337242d7fe5694','1','5c931915ee4ad040732a56d039c0f539','2','2019-09-19 17:30:08',NULL),
('c9f82612f30bcc160bb7672c3cb04872','1','87ec583e2883cbd2fd259f47ece0fe15','1','2019-09-05 22:40:16',NULL),
('da0c9019af1aabea7915455b6b337774','1','621e6207964c8c08abec45adcc3791dd','3','2019-09-05 22:41:10',NULL),
('dc641c150fadf5dd6e3bdcf36df21cee','1','1b46c10d275262533b352329cc6d3af0','3','2019-09-27 16:53:33',NULL),
('f34677b84f6a6932772f38908648af8b','1','58c12341a226b641435b9aa435a1133c','b38b0d33b310ff6e6c9f6762092e238d','2019-09-27 16:55:41',NULL);

/*Table structure for table `material` */

DROP TABLE IF EXISTS `material`;

CREATE TABLE `material` (
  `id` varchar(32) CHARACTER SET utf8mb4 COLLATE utf8mb4_0900_ai_ci NOT NULL COMMENT 'PK',
  `tenant_id` varchar(32) CHARACTER SET utf8mb4 COLLATE utf8mb4_0900_ai_ci NOT NULL COMMENT '所属租户',
  `del_flag` char(2) CHARACTER SET utf8mb4 COLLATE utf8mb4_0900_ai_ci NOT NULL DEFAULT '0' COMMENT '逻辑删除标记（0：显示；1：隐藏）',
  `create_time` datetime NOT NULL DEFAULT CURRENT_TIMESTAMP COMMENT '创建时间',
  `update_time` timestamp NOT NULL DEFAULT CURRENT_TIMESTAMP ON UPDATE CURRENT_TIMESTAMP COMMENT '最后更新时间',
  `create_id` varchar(32) CHARACTER SET utf8 COLLATE utf8_general_ci DEFAULT NULL COMMENT '创建者ID',
  `type` char(2) NOT NULL COMMENT '类型1、图片；2、视频',
  `group_id` varchar(32) CHARACTER SET utf8mb4 COLLATE utf8mb4_0900_ai_ci DEFAULT NULL COMMENT '分组ID',
  `name` varchar(200) CHARACTER SET utf8mb4 COLLATE utf8mb4_0900_ai_ci NOT NULL COMMENT '素材名',
  `url` varchar(500) CHARACTER SET utf8mb4 COLLATE utf8mb4_0900_ai_ci DEFAULT '' COMMENT '素材链接',
  PRIMARY KEY (`id`) USING BTREE,
  KEY `ids_tenant_id` (`tenant_id`) USING BTREE
) ENGINE=InnoDB DEFAULT CHARSET=utf8mb4 COLLATE=utf8mb4_0900_ai_ci ROW_FORMAT=DYNAMIC COMMENT='素材库';

/*Data for the table `material` */

insert  into `material`(`id`,`tenant_id`,`del_flag`,`create_time`,`update_time`,`create_id`,`type`,`group_id`,`name`,`url`) values 
('02a825aa19d9ed58ea3dbabbbb24aeb6','1','0','2019-11-01 17:24:22','2019-11-05 21:09:53','1','1',NULL,'QQ截图20190625164817.png','http://joolun-base-test.oss-cn-zhangjiakou.aliyuncs.com/17.jpg'),
('1','1','0','2019-10-30 16:01:44','2019-11-05 21:10:00','1','1','1','sagagasgf地','http://joolun-base-test.oss-cn-zhangjiakou.aliyuncs.com/70.jpg'),
('11','1','0','2019-10-30 16:43:00','2019-11-05 21:14:44',NULL,'1','def6e4c80222c71bbc0993ac85bcb8ce','45646498498','http://joolun-base-test.oss-cn-zhangjiakou.aliyuncs.com/7667c3f40823764d.jpg'),
('12','1','0','2019-10-30 16:43:38','2019-11-05 21:10:14',NULL,'1','def6e4c80222c71bbc0993ac85bcb8ce','165165','http://joolun-base-test.oss-cn-zhangjiakou.aliyuncs.com/O1CN01fSka3s1IOudDI765b_!!2616970884.jpg'),
('13','1','0','2019-10-30 16:43:48','2019-11-05 21:14:24',NULL,'1','def6e4c80222c71bbc0993ac85bcb8ce','华为p30','http://joolun-base-test.oss-cn-zhangjiakou.aliyuncs.com/O1CN01R8Jql91mbDmjt4uXi_!!2201435294972.jpg'),
('2','1','0','2019-10-30 16:09:09','2019-11-05 21:10:28','1','1','1','asgwet','http://joolun-base-test.oss-cn-zhangjiakou.aliyuncs.com/%E5%BE%AE%E4%BF%A1%E6%88%AA%E5%9B%BE_20190826115920.png'),
('3','1','0','2019-10-30 16:09:22','2019-11-05 21:10:35','1','1','1','sgset作伤脑筋脸','http://joolun-base-test.oss-cn-zhangjiakou.aliyuncs.com/O1CN01PGTRF41mbDmTT1XHk_!!2201435294972.png'),
('4','1','0','2019-10-30 16:09:29','2019-11-05 21:10:40',NULL,'1','1','1555','http://joolun-base-test.oss-cn-zhangjiakou.aliyuncs.com/%E5%BE%AE%E4%BF%A1%E6%88%AA%E5%9B%BE_20190827154452.png'),
('5bd03a078030fe87872be47acb6a3d50','1','0','2019-11-01 17:26:10','2019-11-05 21:10:48','1','1',NULL,'QQ截图20190715120631.png','http://joolun-base-test.oss-cn-zhangjiakou.aliyuncs.com/O1CN01TnmV7g1mbDmdi5SFG_!!2-item_pic.png'),
('7','1','0','2019-10-30 16:09:59','2019-11-05 21:15:03',NULL,'1','1','sgdwet235','http://joolun-base-test.oss-cn-zhangjiakou.aliyuncs.com/59.jpg'),
('8','1','0','2019-10-30 16:42:34','2019-11-05 21:14:58',NULL,'1','1','mijwet','http://joolun-base-test.oss-cn-zhangjiakou.aliyuncs.com/58.jpg'),
('9','1','0','2019-10-30 16:42:48','2019-11-05 21:14:52',NULL,'1','19a4433a1b8c5e48e58bdb4db98abf3b','novas','http://joolun-base-test.oss-cn-zhangjiakou.aliyuncs.com/14.jpg'),
('90c47c161af99fa89920bba220689c44','1','0','2019-11-01 17:29:51','2019-11-05 21:11:12','1','1',NULL,'QQ图片20181022154030.gif','http://joolun-base-test.oss-cn-zhangjiakou.aliyuncs.com/7.jpg'),
('a70b0ad998ef832eacfd114e067557c2','1','0','2019-11-01 17:30:00','2019-11-05 21:11:30','1','1',NULL,'QQ图片20180806102413.gif','http://joolun-base-test.oss-cn-zhangjiakou.aliyuncs.com/6.jpg'),
('c30f89b5b79deab018132bd881e4a8bb','1','0','2019-11-01 17:26:20','2019-11-05 21:11:36','1','1',NULL,'QQ图片20181031155821.png','http://joolun-base-test.oss-cn-zhangjiakou.aliyuncs.com/8.jpg'),
('c7685051a5be9a2ca642cb40b317273f','1','0','2019-11-01 17:31:35','2019-11-05 21:12:57','1','1','19a4433a1b8c5e48e58bdb4db98abf3b','QQ图片20181031155840.jpg','http://joolun-base-test.oss-cn-zhangjiakou.aliyuncs.com/16.jpg'),
('d86355afed7c7e92b4d7270e057befc1','1','0','2019-11-01 17:30:10','2019-11-05 21:13:04','1','1','19a4433a1b8c5e48e58bdb4db98abf3b','c119f0d1694aeabc99344814d9b3fe4a.jpg','http://joolun-base-test.oss-cn-zhangjiakou.aliyuncs.com/22.png'),
('ea6df3613b101b5cc7e22d7fc879f736','1','0','2019-11-01 17:31:46','2019-11-05 21:13:10','1','1',NULL,'QQ图片20180727083956.jpg','http://joolun-base-test.oss-cn-zhangjiakou.aliyuncs.com/5.jpg'),
('fc416ea0abf5b034abffe7b9ba214a12','1','0','2019-11-01 17:28:18','2019-11-05 21:13:10','1','1',NULL,'640.jpg','http://joolun-base-test.oss-cn-zhangjiakou.aliyuncs.com/71.jpg');

/*Table structure for table `material_group` */

DROP TABLE IF EXISTS `material_group`;

CREATE TABLE `material_group` (
  `id` varchar(32) CHARACTER SET utf8mb4 COLLATE utf8mb4_0900_ai_ci NOT NULL COMMENT 'PK',
  `tenant_id` varchar(32) CHARACTER SET utf8mb4 COLLATE utf8mb4_0900_ai_ci NOT NULL COMMENT '所属租户',
  `del_flag` char(2) CHARACTER SET utf8mb4 COLLATE utf8mb4_0900_ai_ci NOT NULL DEFAULT '0' COMMENT '逻辑删除标记（0：显示；1：隐藏）',
  `create_time` datetime NOT NULL DEFAULT CURRENT_TIMESTAMP COMMENT '创建时间',
  `update_time` timestamp NOT NULL DEFAULT CURRENT_TIMESTAMP ON UPDATE CURRENT_TIMESTAMP COMMENT '最后更新时间',
  `create_id` varchar(32) CHARACTER SET utf8 COLLATE utf8_general_ci DEFAULT NULL COMMENT '创建者ID',
  `name` varchar(200) CHARACTER SET utf8mb4 COLLATE utf8mb4_0900_ai_ci NOT NULL COMMENT '分组名',
  PRIMARY KEY (`id`) USING BTREE,
  KEY `ids_tenant_id` (`tenant_id`) USING BTREE
) ENGINE=InnoDB DEFAULT CHARSET=utf8mb4 COLLATE=utf8mb4_0900_ai_ci ROW_FORMAT=DYNAMIC COMMENT='素材分组';

/*Data for the table `material_group` */

insert  into `material_group`(`id`,`tenant_id`,`del_flag`,`create_time`,`update_time`,`create_id`,`name`) values 
('19a4433a1b8c5e48e58bdb4db98abf3b','1','0','2019-10-30 11:19:17','2019-11-01 17:38:19','1','商品图'),
('def6e4c80222c71bbc0993ac85bcb8ce','1','0','2019-10-30 11:18:50','2019-11-05 21:15:38','1','分类一');

/*Table structure for table `notice` */

DROP TABLE IF EXISTS `notice`;

CREATE TABLE `notice` (
  `id` varchar(32) CHARACTER SET utf8mb4 COLLATE utf8mb4_0900_ai_ci NOT NULL COMMENT 'PK',
  `tenant_id` varchar(32) CHARACTER SET utf8mb4 COLLATE utf8mb4_0900_ai_ci NOT NULL COMMENT '所属租户',
  `del_flag` char(2) CHARACTER SET utf8mb4 COLLATE utf8mb4_0900_ai_ci NOT NULL DEFAULT '0' COMMENT '逻辑删除标记（0：显示；1：隐藏）',
  `create_time` datetime NOT NULL DEFAULT CURRENT_TIMESTAMP COMMENT '创建时间',
  `update_time` timestamp NOT NULL DEFAULT CURRENT_TIMESTAMP ON UPDATE CURRENT_TIMESTAMP COMMENT '最后更新时间',
  `create_id` varchar(32) CHARACTER SET utf8 COLLATE utf8_general_ci DEFAULT NULL COMMENT '创建者ID',
  `app_id` varchar(32) CHARACTER SET utf8mb4 COLLATE utf8mb4_0900_ai_ci NOT NULL COMMENT '应用ID',
  `type` char(2) CHARACTER SET utf8mb4 COLLATE utf8mb4_0900_ai_ci NOT NULL COMMENT '类型1、小程序首页轮播图；2、小程序首页公告',
  `name` varchar(30) CHARACTER SET utf8mb4 COLLATE utf8mb4_0900_ai_ci DEFAULT NULL COMMENT '通知名',
  `remarks` varchar(100) CHARACTER SET utf8mb4 COLLATE utf8mb4_0900_ai_ci DEFAULT NULL COMMENT '备注',
  `enable` char(2) CHARACTER SET utf8mb4 COLLATE utf8mb4_0900_ai_ci DEFAULT NULL COMMENT '（1：开启；0：关闭）',
  PRIMARY KEY (`id`) USING BTREE,
  KEY `ids_tenant_id` (`tenant_id`) USING BTREE
) ENGINE=InnoDB DEFAULT CHARSET=utf8mb4 COLLATE=utf8mb4_0900_ai_ci ROW_FORMAT=DYNAMIC COMMENT='商城通知';

/*Data for the table `notice` */

insert  into `notice`(`id`,`tenant_id`,`del_flag`,`create_time`,`update_time`,`create_id`,`app_id`,`type`,`name`,`remarks`,`enable`) values 
('6a2720cacf551f859bf3be5d3930a287','1','0','2019-11-10 20:50:00','2019-11-10 20:50:00',NULL,'wxd5b98bbec200013b','1',NULL,NULL,'1'),
('c4ea63ba2e009a428ec25e1b145c3da4','1','0','2019-11-10 21:01:53','2019-11-10 21:01:53',NULL,'wxd5b98bbec200013b','2',NULL,NULL,'1');

/*Table structure for table `notice_item` */

DROP TABLE IF EXISTS `notice_item`;

CREATE TABLE `notice_item` (
  `id` varchar(32) CHARACTER SET utf8mb4 COLLATE utf8mb4_0900_ai_ci NOT NULL COMMENT 'PK',
  `tenant_id` varchar(32) CHARACTER SET utf8mb4 COLLATE utf8mb4_0900_ai_ci NOT NULL COMMENT '所属租户',
  `del_flag` char(2) CHARACTER SET utf8mb4 COLLATE utf8mb4_0900_ai_ci NOT NULL DEFAULT '0' COMMENT '逻辑删除标记（0：显示；1：隐藏）',
  `create_time` datetime NOT NULL DEFAULT CURRENT_TIMESTAMP COMMENT '创建时间',
  `update_time` timestamp NOT NULL DEFAULT CURRENT_TIMESTAMP ON UPDATE CURRENT_TIMESTAMP COMMENT '最后更新时间',
  `create_id` varchar(32) CHARACTER SET utf8 COLLATE utf8_general_ci DEFAULT NULL COMMENT '创建者ID',
  `notice_id` varchar(32) CHARACTER SET utf8 COLLATE utf8_general_ci DEFAULT NULL COMMENT '通知ID',
  `type` char(2) NOT NULL COMMENT '类型1、图片；2、视频；3、文字',
  `name` varchar(30) CHARACTER SET utf8mb4 COLLATE utf8mb4_0900_ai_ci DEFAULT NULL COMMENT '名称',
  `url` varchar(500) CHARACTER SET utf8mb4 COLLATE utf8mb4_0900_ai_ci DEFAULT '' COMMENT '通知链接',
  `page` varchar(500) CHARACTER SET utf8mb4 COLLATE utf8mb4_0900_ai_ci DEFAULT '' COMMENT '跳转页面',
  `content` varchar(100) CHARACTER SET utf8mb4 COLLATE utf8mb4_0900_ai_ci DEFAULT NULL COMMENT '内容',
  `tag` varchar(10) DEFAULT NULL COMMENT '标签',
  `enable` char(2) DEFAULT NULL COMMENT '（1：开启；0：关闭）',
  `sort` int(11) DEFAULT NULL COMMENT '排序字段',
  PRIMARY KEY (`id`) USING BTREE,
  KEY `ids_tenant_id` (`tenant_id`) USING BTREE
) ENGINE=InnoDB DEFAULT CHARSET=utf8mb4 COLLATE=utf8mb4_0900_ai_ci ROW_FORMAT=DYNAMIC COMMENT='商城通知详情';

/*Data for the table `notice_item` */

insert  into `notice_item`(`id`,`tenant_id`,`del_flag`,`create_time`,`update_time`,`create_id`,`notice_id`,`type`,`name`,`url`,`page`,`content`,`tag`,`enable`,`sort`) values 
('039428b5e16a870fbbb948f67faf8953','1','0','2019-11-10 20:52:13','2019-11-12 14:02:36',NULL,'6a2720cacf551f859bf3be5d3930a287','1',NULL,'http://joolun-base-test.oss-cn-zhangjiakou.aliyuncs.com/6.jpg','/pages/goods/goods-detail/index?id=2835671ff031c18cb181b1a199f86b01',NULL,NULL,'1',6),
('21ea872de3a8f788115ada60a10d2e29','1','0','2019-11-10 21:07:51','2019-11-10 21:07:51',NULL,'c4ea63ba2e009a428ec25e1b145c3da4','2',NULL,'','','7564745765476sdg你爱我仍自然人锻造欠自然人称作欠脸色','科','1',3),
('78b58bde3529ca583af819122680379c','1','0','2019-11-10 21:01:53','2019-11-12 14:03:39',NULL,'c4ea63ba2e009a428ec25e1b145c3da4','2',NULL,'','/pages/goods/goods-detail/index?id=2835671ff031c18cb181b1a199f86b01','遥谁持彩练当空舞 脸腑而又热又遥望43 43 334 你爱我仍人','厅事','0',1),
('7e60a12a378b533fdce77c5b9b8de8d3','1','0','2019-11-10 21:50:20','2019-11-12 14:02:33',NULL,'6a2720cacf551f859bf3be5d3930a287','1',NULL,'http://joolun-base-test.oss-cn-zhangjiakou.aliyuncs.com/22.png','',NULL,NULL,'1',2);

/*Table structure for table `order_info` */

DROP TABLE IF EXISTS `order_info`;

CREATE TABLE `order_info` (
  `id` varchar(32) CHARACTER SET utf8mb4 COLLATE utf8mb4_0900_ai_ci NOT NULL COMMENT 'PK',
  `tenant_id` varchar(32) CHARACTER SET utf8mb4 COLLATE utf8mb4_0900_ai_ci NOT NULL COMMENT '所属租户',
  `del_flag` char(2) CHARACTER SET utf8mb4 COLLATE utf8mb4_0900_ai_ci NOT NULL DEFAULT '0' COMMENT '逻辑删除标记（0：显示；1：隐藏）',
  `create_time` datetime NOT NULL DEFAULT CURRENT_TIMESTAMP COMMENT '创建时间',
  `update_time` timestamp NOT NULL DEFAULT CURRENT_TIMESTAMP ON UPDATE CURRENT_TIMESTAMP COMMENT '最后更新时间',
  `app_type` char(2) NOT NULL COMMENT '应用类型1、小程序',
  `app_id` varchar(32) NOT NULL COMMENT '应用ID',
  `user_id` varchar(32) CHARACTER SET utf8mb4 COLLATE utf8mb4_0900_ai_ci NOT NULL COMMENT '用户id',
  `order_no` varchar(50) CHARACTER SET utf8mb4 COLLATE utf8mb4_0900_ai_ci NOT NULL COMMENT '订单单号',
  `sales_price` decimal(10,2) NOT NULL COMMENT '销售总金额',
  `logistics_price` decimal(10,2) NOT NULL COMMENT '物流金额',
  `payment_way` char(2) NOT NULL COMMENT '支付方式1、货到付款；2、在线支付',
  `payment_type` char(2) CHARACTER SET utf8mb4 COLLATE utf8mb4_0900_ai_ci NOT NULL COMMENT '支付类型1、微信支付；2、支付宝支付',
  `is_pay` char(2) NOT NULL COMMENT '是否支付0、未支付 1、已支付',
  `status` char(2) CHARACTER SET utf8mb4 COLLATE utf8mb4_0900_ai_ci DEFAULT NULL COMMENT '订单状态1、待发货 2、待收货 3、确认收货/已完成 5、已关闭',
  `appraises_status` char(2) DEFAULT NULL COMMENT '评价状态0、未评；1、已评；2、已追评',
  `payment_price` decimal(10,2) NOT NULL COMMENT '支付金额',
  `payment_time` datetime DEFAULT NULL COMMENT '付款时间',
  `delivery_time` datetime DEFAULT NULL COMMENT '发货时间',
  `receiver_time` datetime DEFAULT NULL COMMENT '收货时间',
  `closing_time` datetime DEFAULT NULL COMMENT '成交时间',
  `user_message` varchar(100) CHARACTER SET utf8mb4 COLLATE utf8mb4_0900_ai_ci DEFAULT NULL COMMENT '买家留言',
  `logistics_id` varchar(32) CHARACTER SET utf8mb4 COLLATE utf8mb4_0900_ai_ci DEFAULT NULL COMMENT '物流id',
  `transaction_id` varchar(32) DEFAULT NULL COMMENT '支付交易ID',
  `remark` varchar(255) CHARACTER SET utf8mb4 COLLATE utf8mb4_0900_ai_ci DEFAULT NULL COMMENT '备注',
  PRIMARY KEY (`id`,`order_no`),
  KEY `ids_tenant_id` (`tenant_id`) USING BTREE
) ENGINE=InnoDB DEFAULT CHARSET=utf8mb4 COLLATE=utf8mb4_0900_ai_ci ROW_FORMAT=DYNAMIC COMMENT='订单';

/*Data for the table `order_info` */

insert  into `order_info`(`id`,`tenant_id`,`del_flag`,`create_time`,`update_time`,`app_type`,`app_id`,`user_id`,`order_no`,`sales_price`,`logistics_price`,`payment_way`,`payment_type`,`is_pay`,`status`,`appraises_status`,`payment_price`,`payment_time`,`delivery_time`,`receiver_time`,`closing_time`,`user_message`,`logistics_id`,`transaction_id`,`remark`) values 
('0a48bd981415d0c147f1a2cf2f63b882','1','0','2019-09-22 21:36:54','2019-11-11 21:18:15','1','wxd5b98bbec200013b','478d05c0ceb1bb61dcb4f658d7700511','1175765920874758144',2999.00,0.00,'2','1','0','5',NULL,2999.00,NULL,NULL,NULL,NULL,NULL,'414d802fd8a53e32664471ca3aff937f',NULL,NULL),
('0ca5ef62ace5018a2c168b4a7929536f','1','0','2019-11-11 22:20:06','2019-11-11 22:20:06','1','wxd5b98bbec200013b','db2355c836d46016e7b2eb41146291ee','1193896182187819008',0.01,0.00,'2','1','0','5',NULL,0.01,NULL,NULL,NULL,NULL,NULL,'423f2fc45949303c919e0900d0c4bc5c',NULL,NULL),
('0e920a987725e9cdae00b92ac1898785','1','0','2019-10-11 12:57:44','2019-11-11 21:18:15','1','wxd5b98bbec200013b','db2355c836d46016e7b2eb41146291ee','1182520634274480128',3999.00,0.00,'2','1','0','5',NULL,3999.00,NULL,NULL,NULL,NULL,NULL,'725a7f71a3388646bc0d65b23c351314',NULL,NULL),
('121883467ada6b58ee4d85a228e2a673','1','0','2019-09-25 23:04:03','2019-11-11 21:18:15','1','wxd5b98bbec200013b','db2355c836d46016e7b2eb41146291ee','1176875014138363904',597.00,0.00,'2','1','0','5',NULL,597.00,NULL,NULL,NULL,NULL,NULL,'7d3ea7e16d4712eebd13b57c6764d14d',NULL,NULL),
('12431271a31fb138248e25c6c7b4dfb3','1','0','2019-11-10 13:29:04','2019-11-11 21:18:15','1','wxd5b98bbec200013b','db2355c836d46016e7b2eb41146291ee','1193400155437531136',0.08,0.00,'2','1','0','5',NULL,0.08,NULL,NULL,NULL,NULL,NULL,'04adb4d12812a25405c9156d6a0d01cd',NULL,NULL),
('13945a4ba51a5516d9e3820394a5fe7e','1','0','2019-11-11 22:35:13','2019-11-11 22:35:13','1','wxd5b98bbec200013b','db2355c836d46016e7b2eb41146291ee','1193899988648722432',0.01,0.00,'2','1','0','5',NULL,0.01,NULL,NULL,NULL,NULL,NULL,'b1c4412ea562908c9fc43bee4d646785',NULL,NULL),
('14144c785656ca143fb21c413570cf44','1','0','2019-11-11 22:41:46','2019-11-11 23:29:19','1','wxd5b98bbec200013b','db2355c836d46016e7b2eb41146291ee','1193901637245075456',0.01,0.00,'2','1','1','3','1',0.01,'2019-11-11 22:42:14','2019-11-11 22:44:55','2019-11-11 23:16:25','2019-11-11 23:20:17',NULL,'9749a895fa5765146d5dfb455bb182b7','4200000460201911113234863352',NULL),
('17d415c706ba9c3367acc07cb8fc47e3','1','0','2019-10-11 12:55:58','2019-11-11 21:18:15','1','wxd5b98bbec200013b','db2355c836d46016e7b2eb41146291ee','1182520193155334144',2999.00,0.00,'2','1','0','5',NULL,2999.00,NULL,NULL,NULL,NULL,NULL,'6a57365da50553760fc8be6b26c722fc',NULL,NULL),
('18ab28b4b5fde38271dbc129815892fe','1','0','2019-11-19 11:04:51','2019-11-19 11:04:51','1','wxd5b98bbec200013b','db2355c836d46016e7b2eb41146291ee','1196625355218092032',0.01,0.00,'2','1','1','1',NULL,0.01,'2019-11-19 11:04:58',NULL,NULL,NULL,NULL,'af689beb4451c54914ccd0ca00e26f52','4200000465201911196201403290',NULL),
('19ad9bf03dbd5f99dae47e8da1bda3ac','1','0','2019-11-12 09:41:32','2019-11-12 09:41:32','1','wxd5b98bbec200013b','db2355c836d46016e7b2eb41146291ee','1194067668689223680',0.01,0.00,'2','1','1','3','0',0.01,'2019-11-12 09:42:36','2019-11-12 09:43:45','2019-11-14 11:06:26',NULL,NULL,'088a5f037fc9603b7888b3fc4f6efd63','4200000455201911125804711332',NULL),
('1a35de6cfe2c67a5043a636030be8d4d','1','0','2019-09-24 08:44:14','2019-11-11 21:17:25','1','wxd5b98bbec200013b','db2355c836d46016e7b2eb41146291ee','1176296245820391424',0.10,0.00,'2','1','1','1',NULL,0.10,'2019-09-24 08:44:38',NULL,NULL,NULL,NULL,'9ca92fd0fdc75be1c0f9b35d7cc68b26',NULL,NULL),
('237342b610874be926fe1820e8b392dd','1','0','2019-09-22 18:10:35','2019-11-11 21:24:18','1','wxd5b98bbec200013b','db2355c836d46016e7b2eb41146291ee','1175713999484878848',0.01,0.00,'2','1','1','3','1',0.01,'2019-09-22 18:11:20',NULL,NULL,NULL,NULL,'f10ecbf99adc7f192d928c301df23603',NULL,NULL),
('25f5f07e6f7c92e8a8adacd5e035f53f','1','0','2019-11-16 22:15:22','2019-11-16 22:15:22','1','wxd5b98bbec200013b','db2355c836d46016e7b2eb41146291ee','1195706932950728704',0.08,0.00,'2','1','0','5',NULL,0.08,NULL,NULL,NULL,NULL,NULL,'700641e037b1a008ac3dc23109fac6d2',NULL,NULL),
('2db258cd6704269cda038772b525e2df','1','0','2019-09-26 14:50:03','2019-11-11 21:24:18','1','wxd5b98bbec200013b','478d05c0ceb1bb61dcb4f658d7700511','1177113082040680448',0.10,0.00,'2','1','1','3','1',0.10,'2019-09-26 14:50:13','2019-09-26 14:51:43','2019-09-26 14:52:08','2019-09-26 14:53:53',NULL,'0392add5633b13656062661854cb82c4','4200000403201909265484729890',NULL),
('30d56fb3b36fa5cf78d30911c3d01754','1','0','2019-10-11 12:48:29','2019-11-11 21:18:15','1','wxd5b98bbec200013b','db2355c836d46016e7b2eb41146291ee','1182518309505990656',3999.00,0.00,'2','1','0','5',NULL,3999.00,NULL,NULL,NULL,NULL,NULL,'98b7cf1c64e1883ae12dfacde0f668db',NULL,NULL),
('321f9e8cadbdbe6ce644a96879bea224','1','0','2019-09-24 20:12:17','2019-11-11 21:18:15','1','wxd5b98bbec200013b','478d05c0ceb1bb61dcb4f658d7700511','1176469399712825344',10387.00,0.00,'2','1','0','5',NULL,10387.00,NULL,NULL,NULL,NULL,NULL,'bda4aefbc94348baad3747ef7a8493e6',NULL,NULL),
('33644c8e4f806e5cdf8f9e9ba40fe575','1','0','2019-10-11 13:33:51','2019-11-11 21:18:15','1','wxd5b98bbec200013b','db2355c836d46016e7b2eb41146291ee','1182529726095294464',3999.00,0.00,'2','1','0','5',NULL,3999.00,NULL,NULL,NULL,NULL,NULL,'e57288ba2b2cd94ffab299b5094fec50',NULL,NULL),
('347167130f8d0c96bec85e385beaccfc','1','0','2019-09-27 17:01:45','2019-11-11 21:24:18','1','wxd5b98bbec200013b','478d05c0ceb1bb61dcb4f658d7700511','1177508614043074560',0.20,0.00,'2','1','1','3','1',0.20,'2019-09-27 17:01:53','2019-09-27 17:02:27','2019-09-27 17:02:35','2019-09-27 17:04:19',NULL,'f1527e94bc85171579ee279b9b14be8f','4200000405201909277838634350',NULL),
('440c0344e18fa7634686b8d39f4e239b','1','0','2019-11-19 11:50:47','2019-11-19 11:54:04','1','wxd5b98bbec200013b','db2355c836d46016e7b2eb41146291ee','1196636915109986304',0.02,0.00,'2','1','1','5',NULL,0.02,'2019-11-19 11:51:06',NULL,NULL,NULL,NULL,'ed947e8cdd5b67644ecbf0935b7695f5','4200000452201911194141835967',NULL),
('4a56db8916471bc20cab4aad67049134','1','0','2019-09-26 14:55:27','2019-11-11 21:24:18','1','wxd5b98bbec200013b','478d05c0ceb1bb61dcb4f658d7700511','1177114441091645440',0.10,0.00,'2','1','1','3','1',0.10,'2019-09-26 14:55:36','2019-09-26 15:00:11','2019-09-26 15:00:24','2019-09-26 15:02:09',NULL,'0707185a19bf123aa680be9c2c5675be','4200000420201909268937617949',NULL),
('4b9a47cd30e1c5f17d1e53f2d7b1ba33','1','0','2019-10-11 09:57:50','2019-11-19 11:44:14','1','wxd5b98bbec200013b','db2355c836d46016e7b2eb41146291ee','1182475361623998464',0.10,0.00,'2','1','1','5','0',0.10,'2019-10-11 09:58:08','2019-10-11 09:59:05','2019-11-11 23:39:29',NULL,NULL,'6e93fe489f78018b48c02f861d5d348d','4200000406201910113085485793',NULL),
('53ccf04b952e1980342bf1778e5b998a','1','0','2019-09-26 15:02:44','2019-11-11 21:24:18','1','wxd5b98bbec200013b','478d05c0ceb1bb61dcb4f658d7700511','1177116273830526976',0.10,0.00,'2','1','1','3','1',0.10,'2019-09-26 15:02:54','2019-09-26 22:28:10','2019-09-26 22:28:26','2019-09-26 22:29:20',NULL,'98c14d70aa39c43c1c5641d4dd221988','4200000416201909260481408191',NULL),
('57234484563133b8d44866da5b9edd3d','1','0','2019-09-22 21:39:17','2019-11-11 21:18:15','1','wxd5b98bbec200013b','478d05c0ceb1bb61dcb4f658d7700511','1175766520047861760',27994.50,0.00,'2','1','0','5',NULL,27994.50,NULL,NULL,NULL,NULL,NULL,'a9cece6226b5cd1b6bbc4ddd21563635',NULL,NULL),
('5bb598be27da4314c20f5d19d7b16314','1','0','2019-11-05 12:15:02','2019-11-11 21:18:15','1','wxd5b98bbec200013b','db2355c836d46016e7b2eb41146291ee','1191569585338318848',15686.00,0.00,'2','1','0','5',NULL,15686.00,NULL,NULL,NULL,NULL,NULL,'7ad2f1a05772732986b2c284190ebef7',NULL,NULL),
('5d8ae3ab3f93cbf2d58af7afa32a8833','1','0','2019-09-26 23:21:34','2019-11-11 21:24:18','1','wxd5b98bbec200013b','478d05c0ceb1bb61dcb4f658d7700511','1177241809256972288',0.10,0.00,'2','1','1','3','1',0.10,'2019-09-26 23:21:46','2019-09-26 23:22:23','2019-09-26 23:22:29','2019-09-26 23:23:02','哈喽','28f18c73e25e271b59313d53b16855fc','4200000408201909260887725923',NULL),
('5e5a2db0541a440d194acc6996936eee','1','0','2019-09-22 21:40:01','2019-11-11 21:17:25','1','wxd5b98bbec200013b','478d05c0ceb1bb61dcb4f658d7700511','1175766703015985152',0.10,0.00,'2','1','1','1',NULL,0.10,'2019-09-22 21:40:08',NULL,NULL,NULL,NULL,'11df2af2776c77dabd45a8d11a9fcc95',NULL,NULL),
('5f1e9a65663da6450e73d623152ac806','1','0','2019-09-26 22:34:03','2019-11-11 21:24:18','1','wxd5b98bbec200013b','478d05c0ceb1bb61dcb4f658d7700511','1177229853838016512',0.10,0.00,'2','1','1','3','1',0.10,'2019-09-26 22:34:11','2019-09-26 22:34:51','2019-09-26 22:35:06','2019-09-26 22:36:50',NULL,'db8089b29b15242063753cc03d4d11a3','4200000415201909266403754746',NULL),
('6115800cf8afefa8250ce7984e5a7b0b','1','0','2019-11-11 23:09:02','2019-11-11 23:09:02','1','wxd5b98bbec200013b','db2355c836d46016e7b2eb41146291ee','1193908496576282624',0.08,0.00,'2','1','0','5',NULL,0.08,NULL,NULL,NULL,NULL,NULL,'82a8510a2c30d3344abb9f977e740336',NULL,NULL),
('630a070ac90008a20a4115f22bd48145','1','0','2019-09-25 21:15:39','2019-11-11 21:17:25','1','wxd5b98bbec200013b','478d05c0ceb1bb61dcb4f658d7700511','1176847736784289792',0.01,0.00,'2','1','1','1',NULL,0.01,'2019-09-25 21:15:46',NULL,NULL,NULL,NULL,'2f13694e03e41dcb940a366c002960e6','4200000420201909257628684071',NULL),
('66c5b8ee5fc03ded38110f49c9c064fd','1','0','2019-09-26 23:26:03','2019-11-11 21:24:18','1','wxd5b98bbec200013b','478d05c0ceb1bb61dcb4f658d7700511','1177242940829859840',0.10,0.00,'2','1','1','3','1',0.10,'2019-09-26 23:26:17','2019-09-26 23:26:47','2019-09-26 23:26:56','2019-09-26 23:27:35',NULL,'f4b10b3f6b20a2613b93f6e89284b0e2','4200000417201909269276501629',NULL),
('6899afc86eac357fd8671f6ce5175c25','1','0','2019-09-27 16:11:34','2019-11-11 21:24:18','1','wxd5b98bbec200013b','478d05c0ceb1bb61dcb4f658d7700511','1177495987048939520',1.00,0.00,'2','1','1','3','1',1.00,'2019-09-27 16:11:42','2019-09-27 16:15:24','2019-09-27 16:15:32','2019-09-27 16:17:38',NULL,'80ad8e9d42acc772a8518af4e12a5d3f','4200000404201909277935290696',NULL),
('6abfaf58a35a58807d1acaf96e321c18','1','0','2019-09-26 22:44:42','2019-11-11 21:24:18','1','wxd5b98bbec200013b','478d05c0ceb1bb61dcb4f658d7700511','1177232534304456704',1.00,0.00,'2','1','1','3','1',1.00,'2019-09-26 22:44:49','2019-09-26 22:53:17','2019-09-26 22:53:31','2019-09-26 22:54:21',NULL,'69c08672255bb0369c181701941feb40','4200000420201909265763000843',NULL),
('787a945f8c532022acc28dd1b5a69545','1','0','2019-10-11 12:53:15','2019-11-11 21:18:15','1','wxd5b98bbec200013b','db2355c836d46016e7b2eb41146291ee','1182519506249973760',2999.00,0.00,'2','1','0','5',NULL,2999.00,NULL,NULL,NULL,NULL,NULL,'1ded60def368328f9b6e8531b60623c0',NULL,NULL),
('83775cbec35630784ef07d0835f15b12','1','0','2019-09-24 20:31:37','2019-11-11 21:17:25','1','wxd5b98bbec200013b','db2355c836d46016e7b2eb41146291ee','1176474264816058368',0.01,0.00,'2','1','1','1',NULL,0.01,'2019-09-24 20:32:18',NULL,NULL,NULL,NULL,'b352149938112b88b6757cff1a609faf','4200000408201909245019633649',NULL),
('876b7d66fef43fafb91df56570ac5191','1','0','2019-09-24 14:13:39','2019-11-11 21:24:18','1','wxd5b98bbec200013b','db2355c836d46016e7b2eb41146291ee','1176379146385752064',0.01,0.00,'2','1','1','3','1',0.01,'2019-09-24 14:13:57',NULL,NULL,NULL,NULL,'d81b7ca0a9db9ee74b839dd813d303c5',NULL,NULL),
('91e879113d0df7481fa12842b0881193','1','0','2019-10-11 12:30:32','2019-11-11 21:18:15','1','wxd5b98bbec200013b','db2355c836d46016e7b2eb41146291ee','1182513791326224384',3999.00,0.00,'2','1','0','5',NULL,3999.00,NULL,NULL,NULL,NULL,NULL,'8a2086e559b191c7318a5bb6e74524b5',NULL,NULL),
('9c00fa0679b50c496c050d1ae7512c4a','1','0','2019-11-17 16:30:45','2019-11-17 16:30:45','1','wxd5b98bbec200013b','db2355c836d46016e7b2eb41146291ee','1195982592730464256',0.01,0.00,'2','1','1','1',NULL,0.01,'2019-11-17 16:30:51',NULL,NULL,NULL,NULL,'e466ac92a8688fbd1c784a26f6b91285','4200000452201911177961178458',NULL),
('9da85ae06bd72bc02d7287b08ae15f14','1','0','2019-11-11 23:35:28','2019-11-12 08:45:14','1','wxd5b98bbec200013b','db2355c836d46016e7b2eb41146291ee','1193915149384155136',0.03,0.00,'2','1','1','3','1',0.03,'2019-11-11 23:35:52','2019-11-11 23:37:45','2019-11-11 23:38:17','2019-11-11 23:38:33','公我一下子a','4c52cf5f5746e8c0c225175e2e00a785','4200000469201911111757531749',NULL),
('9fb19729e87dadb0daa45ee629109fc5','1','0','2019-09-24 18:02:10','2019-11-11 21:17:25','1','wxd5b98bbec200013b','db2355c836d46016e7b2eb41146291ee','1176436651145035776',0.01,0.00,'2','1','1','1',NULL,0.01,'2019-09-24 18:02:28',NULL,NULL,NULL,NULL,'9f863d28f9d5fa82cfe4beda1ba488d7',NULL,NULL),
('acc55e9d7cb355649cc981a5245f773a','1','0','2019-09-25 15:28:46','2019-11-11 21:18:15','1','wxd5b98bbec200013b','db2355c836d46016e7b2eb41146291ee','1176760434431098880',0.10,0.00,'2','1','0','5',NULL,0.10,NULL,NULL,NULL,NULL,NULL,'a6534a3db10211e701f80e5610fbdeb8',NULL,NULL),
('acef5ea74ea57ec1c9fe682441c19d8c','1','0','2019-09-26 14:17:02','2019-11-11 21:18:15','1','wxd5b98bbec200013b','478d05c0ceb1bb61dcb4f658d7700511','1177104774152060928',7899.00,0.00,'2','1','0','5',NULL,7899.00,NULL,NULL,NULL,NULL,'噶咯','ba85486f349fc5683e933782484396cd',NULL,NULL),
('aeecab1f6989d5286bad2347cc0cf586','1','0','2019-10-10 10:17:18','2019-11-19 11:49:09','1','wxd5b98bbec200013b','db2355c836d46016e7b2eb41146291ee','1182117869895286784',0.10,0.00,'2','1','1','5','0',0.10,'2019-10-10 10:19:56','2019-10-10 10:21:21','2019-10-10 10:47:08',NULL,NULL,'7f52ba7b90a710781f852ce6950b9c2a','4200000421201910102571359595',NULL),
('b0e385ed6d9842d8158bbd141bab7359','1','0','2019-10-12 12:24:36','2019-11-11 21:18:15','1','wxd5b98bbec200013b','db2355c836d46016e7b2eb41146291ee','1182874682911621120',0.01,0.00,'2','1','0','5',NULL,0.01,NULL,NULL,NULL,NULL,NULL,'76d9a7a6a146cfb347459a0a8a1d29c7',NULL,NULL),
('b2540f32b7c4ece122adbccaaf713d2c','1','0','2019-11-19 12:06:21','2019-11-19 16:49:44','1','wxd5b98bbec200013b','db2355c836d46016e7b2eb41146291ee','1196640829683269632',0.01,0.00,'2','1','1','5',NULL,0.01,'2019-11-19 12:06:38',NULL,NULL,NULL,NULL,'a1e71935d76fa9ff398b3f664f0f5561','4200000461201911191753572673',NULL),
('be173ebbcfd19d20eabc6d668f579671','1','0','2019-10-11 12:45:58','2019-11-11 21:18:15','1','wxd5b98bbec200013b','db2355c836d46016e7b2eb41146291ee','1182517674488365056',2999.00,0.00,'2','1','0','5',NULL,2999.00,NULL,NULL,NULL,NULL,NULL,'c6228667e48a755dfb5b8e9269e06522',NULL,NULL),
('bea0b0bacc1905c24b16550d809e7ddb','1','0','2019-09-27 16:18:12','2019-11-11 21:24:18','1','wxd5b98bbec200013b','478d05c0ceb1bb61dcb4f658d7700511','1177497654284779520',0.01,0.00,'2','1','1','3','1',0.01,'2019-09-27 16:18:19','2019-09-27 16:18:51','2019-09-27 16:18:57','2019-09-27 16:20:50',NULL,'1a443047e9f5c353a078ff738e92570d','4200000408201909278684739898',NULL),
('c39af99cf5c2c0a5f1d7776a39d593a6','1','0','2019-09-26 22:26:08','2019-11-11 21:18:15','1','wxd5b98bbec200013b','478d05c0ceb1bb61dcb4f658d7700511','1177227862759964672',1.00,0.00,'2','1','0','5',NULL,1.00,NULL,NULL,NULL,NULL,NULL,'5eac97c3ce86b80502dea9d48b82d97e',NULL,NULL),
('c46b00a554a130e32181703d96fe3bac','1','0','2019-09-27 16:22:29','2019-11-11 21:24:18','1','wxd5b98bbec200013b','478d05c0ceb1bb61dcb4f658d7700511','1177498733441449984',1.00,0.00,'2','1','1','3','1',1.00,'2019-09-27 16:22:36','2019-09-27 16:23:04','2019-09-27 16:23:09','2019-09-27 16:24:50',NULL,'41c643520b51995678d13321114ad3c8','4200000408201909274439352000',NULL),
('cbfc47c2fba63318e74532c360453bb6','1','0','2019-10-11 13:38:11','2019-11-11 21:18:15','1','wxd5b98bbec200013b','db2355c836d46016e7b2eb41146291ee','1182530816152961024',3999.00,0.00,'2','1','0','5',NULL,3999.00,NULL,NULL,NULL,NULL,NULL,'9ceaa24fc4d789258587fb6c6ed47abd',NULL,NULL),
('d18b276037bdef808f8618ab3a3aaf2c','1','0','2019-09-25 21:13:45','2019-11-11 21:18:15','1','wxd5b98bbec200013b','478d05c0ceb1bb61dcb4f658d7700511','1176847255139778560',0.01,0.00,'2','1','0','5',NULL,0.01,NULL,NULL,NULL,NULL,NULL,'298c78c41937311d54190db40436270b',NULL,NULL),
('d2cbcc9cef8fd57f6f250b35bb9f2091','1','0','2019-09-23 22:51:48','2019-11-11 21:17:25','1','wxd5b98bbec200013b','478d05c0ceb1bb61dcb4f658d7700511','1176147156965261312',0.20,0.00,'2','1','1','1',NULL,0.20,'2019-09-23 22:51:57',NULL,NULL,NULL,NULL,'21e6fb4c38f345bf84723aa2e1321e0a',NULL,NULL),
('e0e010f6e634ed02b56aa2fc9c4732bb','1','0','2019-10-10 10:35:07','2019-11-11 21:18:15','1','wxd5b98bbec200013b','db2355c836d46016e7b2eb41146291ee','1182122357804761088',3999.00,0.00,'2','1','0','5',NULL,3999.00,NULL,NULL,NULL,NULL,NULL,'b937f74ce4dd4ada92c7920a485861da',NULL,NULL),
('e7bcf3b65cf655aa884adc435995db4d','1','0','2019-11-10 13:50:43','2019-11-11 21:18:15','1','wxd5b98bbec200013b','db2355c836d46016e7b2eb41146291ee','1193405605197381632',5488.00,0.00,'2','1','0','5',NULL,5488.00,NULL,NULL,NULL,NULL,NULL,'a774240aa049d768ede9fd6127abd940',NULL,NULL),
('e9497016faa3b937590e814ad0f9cf34','1','0','2019-09-26 23:23:15','2019-11-11 21:24:18','1','wxd5b98bbec200013b','478d05c0ceb1bb61dcb4f658d7700511','1177242235331149824',0.10,0.00,'2','1','1','3','1',0.10,'2019-09-26 23:23:33','2019-09-26 23:24:09','2019-09-26 23:24:17','2019-09-26 23:25:30',NULL,'07931a31fa995ad08afc3a2d0679334a','4200000407201909264830265746',NULL),
('eb167ca7503b93b20d94ffb8c8f06497','1','0','2019-09-22 20:32:34','2019-11-11 21:18:15','1','wxd5b98bbec200013b','478d05c0ceb1bb61dcb4f658d7700511','1175749727585566720',17196.00,0.00,'2','1','0','5',NULL,17196.00,NULL,NULL,NULL,NULL,NULL,'905b49bb049416960fbd185a79fa9f5c',NULL,NULL),
('eb954bae32a17ce40184265b90e2c1c5','1','0','2019-10-11 13:39:45','2019-11-11 21:18:15','1','wxd5b98bbec200013b','db2355c836d46016e7b2eb41146291ee','1182531210656612352',3999.00,0.00,'2','1','0','5',NULL,3999.00,NULL,NULL,NULL,NULL,NULL,'1f466648fae89b1ce7940d95492063d1',NULL,NULL),
('ec813fc104cb34f09745f2f471dd864a','1','0','2019-11-17 16:29:23','2019-11-17 16:29:23','1','wxd5b98bbec200013b','db2355c836d46016e7b2eb41146291ee','1195982250273931264',0.01,0.00,'2','1','1','1',NULL,0.01,'2019-11-17 16:29:42',NULL,NULL,NULL,NULL,'9a01b8dd0b5dfa5c60c94220109823db','4200000459201911173499977036',NULL),
('ec8f3afc835ce71d213e77b28eda389f','1','0','2019-09-22 18:08:30','2019-11-11 21:24:18','1','wxd5b98bbec200013b','db2355c836d46016e7b2eb41146291ee','1175713475159130112',0.03,0.00,'2','1','1','3','1',0.03,'2019-09-22 18:09:12',NULL,NULL,NULL,NULL,'c53a5c416dc7ffb5937fc0ceda58e4bb',NULL,NULL),
('fbbd2e59843b9b8d0ccd50d19c76aa13','1','0','2019-11-10 13:52:04','2019-11-11 21:17:25','1','wxd5b98bbec200013b','db2355c836d46016e7b2eb41146291ee','1193405946479509504',0.01,0.00,'2','1','1','1',NULL,0.01,'2019-11-10 13:52:12',NULL,NULL,NULL,NULL,'3af415212108edd59cae3da481909cd7','4200000463201911102224972976',NULL),
('ffa700b06cbf0094c0c2f0cce2891c56','1','0','2019-10-11 12:59:01','2019-11-11 21:18:15','1','wxd5b98bbec200013b','db2355c836d46016e7b2eb41146291ee','1182520960289341440',3999.00,0.00,'2','1','0','5',NULL,3999.00,NULL,NULL,NULL,NULL,NULL,'b61913deb93a60f2dfeeb8fa12b862a5',NULL,NULL);

/*Table structure for table `order_item` */

DROP TABLE IF EXISTS `order_item`;

CREATE TABLE `order_item` (
  `id` varchar(32) CHARACTER SET utf8mb4 COLLATE utf8mb4_0900_ai_ci NOT NULL COMMENT 'PK',
  `tenant_id` varchar(32) CHARACTER SET utf8mb4 COLLATE utf8mb4_0900_ai_ci NOT NULL COMMENT '所属租户',
  `del_flag` char(2) CHARACTER SET utf8mb4 COLLATE utf8mb4_0900_ai_ci NOT NULL DEFAULT '0' COMMENT '逻辑删除标记（0：显示；1：隐藏）',
  `create_time` datetime NOT NULL DEFAULT CURRENT_TIMESTAMP COMMENT '创建时间',
  `update_time` timestamp NOT NULL DEFAULT CURRENT_TIMESTAMP ON UPDATE CURRENT_TIMESTAMP COMMENT '最后更新时间',
  `order_id` varchar(32) CHARACTER SET utf8mb4 COLLATE utf8mb4_0900_ai_ci NOT NULL COMMENT '订单编号',
  `spu_id` varchar(32) CHARACTER SET utf8mb4 COLLATE utf8mb4_0900_ai_ci DEFAULT NULL COMMENT '商品Id',
  `spu_name` varchar(200) CHARACTER SET utf8mb4 COLLATE utf8mb4_0900_ai_ci DEFAULT NULL COMMENT '商品名',
  `spec_info` varchar(500) CHARACTER SET utf8mb4 COLLATE utf8mb4_0900_ai_ci DEFAULT NULL COMMENT '规格信息',
  `sku_id` varchar(32) CHARACTER SET utf8mb4 COLLATE utf8mb4_0900_ai_ci NOT NULL COMMENT 'skuId',
  `pic_url` varchar(500) CHARACTER SET utf8mb4 COLLATE utf8mb4_0900_ai_ci NOT NULL COMMENT '图片',
  `quantity` int(3) NOT NULL COMMENT '商品数量',
  `sales_price` decimal(10,2) NOT NULL COMMENT '购买单价',
  `remark` varchar(250) CHARACTER SET utf8mb4 COLLATE utf8mb4_0900_ai_ci DEFAULT NULL COMMENT '备注',
  `status` char(2) CHARACTER SET utf8mb4 COLLATE utf8mb4_0900_ai_ci DEFAULT '0' COMMENT '状态0：正常；1：退款中；2：退货退款中；3：完成退款；4：完成退货退款',
  `is_refund` char(2) CHARACTER SET utf8mb4 COLLATE utf8mb4_0900_ai_ci DEFAULT '0' COMMENT '是否退款0:否 1：是',
  PRIMARY KEY (`id`) USING BTREE,
  KEY `ids_tenant_id` (`tenant_id`) USING BTREE
) ENGINE=InnoDB DEFAULT CHARSET=utf8mb4 COLLATE=utf8mb4_0900_ai_ci ROW_FORMAT=DYNAMIC COMMENT='订单详情';

/*Data for the table `order_item` */

insert  into `order_item`(`id`,`tenant_id`,`del_flag`,`create_time`,`update_time`,`order_id`,`spu_id`,`spu_name`,`spec_info`,`sku_id`,`pic_url`,`quantity`,`sales_price`,`remark`,`status`,`is_refund`) values 
('0269446f75374c7d8b7f66a487d814fa','1','0','2019-11-12 09:41:32','2019-11-12 09:41:32','19ad9bf03dbd5f99dae47e8da1bda3ac','4d06c5157cce971b89166e509cdf63e8','小程序付款演示','裸机','894b591741d425ca9c1b1579ce299a5b','https://joolun-base-test.oss-cn-zhangjiakou.aliyuncs.com/1/material/0352cae9-2770-494e-9f08-97e474d90345.jpg',1,0.01,NULL,'1','0'),
('037e287bc0c54f141760efb9aaac172f','1','0','2019-11-17 16:30:45','2019-11-19 10:33:25','9c00fa0679b50c496c050d1ae7512c4a','4d06c5157cce971b89166e509cdf63e8','小程序付款演示','裸机','894b591741d425ca9c1b1579ce299a5b','https://joolun-base-test.oss-cn-zhangjiakou.aliyuncs.com/1/material/0352cae9-2770-494e-9f08-97e474d90345.jpg',1,0.01,NULL,'0','1'),
('04b396c51aadbe88823ccf50870f2176','1','0','2019-09-26 23:21:34','2019-11-16 20:55:43','5d8ae3ab3f93cbf2d58af7afa32a8833','ff39bc8f64b1d9b524b28c6000af8191','海信 BCD-220D/Q电冰箱家用三开门冷藏冷冻节能静音小型租房宿舍',NULL,'55a7d46eb9893cab480c70378d4dcefa','http://joolun-base-test.oss-cn-zhangjiakou.aliyuncs.com/21.jpg',1,0.10,NULL,'0','0'),
('04b3d06de2808d8ec582860fe83afe7a','1','0','2019-09-26 22:26:08','2019-11-16 20:55:43','c39af99cf5c2c0a5f1d7776a39d593a6','1b46c10d275262533b352329cc6d3af0','SIEMENS/西门子 KG28NV290C 三体全无霜 风冷大容量三门冰箱','官方标配，欧若拉银','5a0a1c24928af80a732cd179faac2d58','http://joolun-base-test.oss-cn-zhangjiakou.aliyuncs.com/17.jpg',1,1.00,NULL,'0','0'),
('08b9c3419d5c863d8c2e036de58d3412','1','0','2019-10-12 12:24:36','2019-11-16 20:55:43','b0e385ed6d9842d8158bbd141bab7359','4d06c5157cce971b89166e509cdf63e8','小程序付款演示','裸机','894b591741d425ca9c1b1579ce299a5b','http://joolun-base-test.oss-cn-zhangjiakou.aliyuncs.com/006r3PQBjw1f9xa634e8wj307w07ijrj.jpg',1,0.01,NULL,'0','0'),
('0ffd0e99e1f3e2117f4079a046f35309','1','0','2019-09-26 14:17:02','2019-11-16 20:55:43','acef5ea74ea57ec1c9fe682441c19d8c','43768c89b11316e1edf56c2fd56f7751','佳能 M100微单15-45 EOS高清数码相机女学生款vlog美颜','套餐一','37a22f1afeef4c7e73501403f0c15468','http://joolun-base-test.oss-cn-zhangjiakou.aliyuncs.com/9.jpg',1,7899.00,NULL,'0','0'),
('18b8b9802c8b4eddde68c240d9922cd3','1','0','2019-09-25 23:04:03','2019-11-16 20:55:43','121883467ada6b58ee4d85a228e2a673','747306ce2a0adebab78a481e2c470fb8','Amii极简法式气质连衣裙女2019秋新款收腰显瘦中长款撞色外套裙子','160，白色','8f44b6c53ab79086fa6f7edbaa9d0c8b','http://joolun-base-test.oss-cn-zhangjiakou.aliyuncs.com/28.jpg',1,199.00,NULL,'0','0'),
('1ee6b0e818223ba91bd5c09184ac6777','1','0','2019-11-11 23:35:28','2019-11-11 23:35:28','9da85ae06bd72bc02d7287b08ae15f14','4d06c5157cce971b89166e509cdf63e8','小程序付款演示','裸机','894b591741d425ca9c1b1579ce299a5b','https://joolun-base-test.oss-cn-zhangjiakou.aliyuncs.com/1/material/0352cae9-2770-494e-9f08-97e474d90345.jpg',2,0.01,NULL,'1','0'),
('1fe690def31e8d5eaf1830899ff2b3b5','1','0','2019-09-22 21:39:17','2019-11-16 20:55:43','57234484563133b8d44866da5b9edd3d','3d2c153cb94c0a3fa24fc07f47dd801d','佳能m50微单相机女学生款Canon/佳能eos M50数码高清旅游vlog相机','套餐一','45fd58fda0cf4b406408385265f86c8e','http://joolun-base-test.oss-cn-zhangjiakou.aliyuncs.com/8.jpg',1,6899.00,NULL,'0','0'),
('20a5f680ee484caecfb50d4e13a9cdcc','1','0','2019-11-17 16:29:23','2019-11-17 16:29:23','ec813fc104cb34f09745f2f471dd864a','4d06c5157cce971b89166e509cdf63e8','小程序付款演示','裸机','894b591741d425ca9c1b1579ce299a5b','https://joolun-base-test.oss-cn-zhangjiakou.aliyuncs.com/1/material/0352cae9-2770-494e-9f08-97e474d90345.jpg',1,0.01,NULL,'4','1'),
('20e75d5d7e3f511120147bd36eaa4edb','1','0','2019-09-26 23:26:03','2019-11-16 20:55:43','66c5b8ee5fc03ded38110f49c9c064fd','ff39bc8f64b1d9b524b28c6000af8191','海信 BCD-220D/Q电冰箱家用三开门冷藏冷冻节能静音小型租房宿舍',NULL,'55a7d46eb9893cab480c70378d4dcefa','http://joolun-base-test.oss-cn-zhangjiakou.aliyuncs.com/21.jpg',1,0.10,NULL,'0','0'),
('22c6604298a9c165a82360753fd52a05','1','0','2019-09-27 16:22:29','2019-11-16 20:55:43','c46b00a554a130e32181703d96fe3bac','ff3d6dd5a37ff42e2b67b87bd12d1d01','VIOMI/云米 BCD-456WMSD电冰箱双开门对开门智能风冷无霜家用小型','星光金','2467663a7b6432b726d5205088445559','http://joolun-base-test.oss-cn-zhangjiakou.aliyuncs.com/20.jpg',1,1.00,NULL,'0','0'),
('23a25935e41bcb187e81daf40c0704ac','1','0','2019-09-22 21:39:17','2019-11-16 20:55:43','57234484563133b8d44866da5b9edd3d','a6a347b17dd360c30d792638a956d0e7','现货速发正品联保/Huawei/华为 畅享 MAX全面屏4g手机正品官方旗舰店7降价nova3i大屏智能手机畅想8plus','128G，4g全网通，超值大礼包， 幻夜黑','6891bfaf1109cdcaa5385bd39e07b457','http://joolun-base-test.oss-cn-zhangjiakou.aliyuncs.com/27.jpg',3,3099.00,NULL,'0','0'),
('2483285ff19803729d49eee7e056a511','1','0','2019-09-27 16:11:34','2019-11-16 20:55:43','6899afc86eac357fd8671f6ce5175c25','1b46c10d275262533b352329cc6d3af0','SIEMENS/西门子 KG28NV290C 三体全无霜 风冷大容量三门冰箱','官方标配，欧若拉银','5a0a1c24928af80a732cd179faac2d58','http://joolun-base-test.oss-cn-zhangjiakou.aliyuncs.com/17.jpg',1,1.00,NULL,'0','0'),
('2a379b3bd2beda774d9f507950fdf35a','1','0','2019-09-24 18:02:10','2019-11-16 20:55:43','9fb19729e87dadb0daa45ee629109fc5','6545a6fc2927edc195b93982f446917c','Huawei/华为P30 Pro曲面屏超感光徕卡四摄变焦980芯片智能手机p30pro','128G，4G全网通，亮黑色','5002eafdeca30f4c590b3288de5fa217','http://joolun-base-test.oss-cn-zhangjiakou.aliyuncs.com/O1CN01fSka3s1IOudDI765b_!!2616970884.jpg',1,0.01,NULL,'2','0'),
('2d288dcf90644c7c9d9174ea1681326a','1','0','2019-09-24 20:12:17','2019-11-16 20:55:43','321f9e8cadbdbe6ce644a96879bea224','3d2c153cb94c0a3fa24fc07f47dd801d','佳能m50微单相机女学生款Canon/佳能eos M50数码高清旅游vlog相机','官方标配','c66b30ce583ec53e13f8add38a5bb223','http://joolun-base-test.oss-cn-zhangjiakou.aliyuncs.com/8.jpg',1,5899.00,NULL,'0','0'),
('33375398c43346bbe7f9d25a9bf76a9f','1','0','2019-11-11 23:09:02','2019-11-16 20:55:43','6115800cf8afefa8250ce7984e5a7b0b','4d06c5157cce971b89166e509cdf63e8','小程序付款演示','超值大礼包','7cee91d08568afe4f8c2a7651f52be8b','https://joolun-base-test.oss-cn-zhangjiakou.aliyuncs.com/1/material/61152cae-8dd2-4553-9992-33cd93075aff.gif',1,0.08,NULL,'0','0'),
('3c51ac41ea90aca539516f8e0d9d824b','1','0','2019-10-11 13:33:51','2019-11-16 20:55:43','33644c8e4f806e5cdf8f9e9ba40fe575','ff39bc8f64b1d9b524b28c6000af8191','海信 BCD-220D/Q电冰箱家用三开门冷藏冷冻节能静音小型租房宿舍',NULL,'55a7d46eb9893cab480c70378d4dcefa','http://joolun-base-test.oss-cn-zhangjiakou.aliyuncs.com/21.jpg',1,3999.00,NULL,'0','0'),
('40bceddb838df84d0ab6fd78c58503de','1','0','2019-09-25 23:04:03','2019-11-16 20:55:43','121883467ada6b58ee4d85a228e2a673','747306ce2a0adebab78a481e2c470fb8','Amii极简法式气质连衣裙女2019秋新款收腰显瘦中长款撞色外套裙子','175，黑色','ddd4c69b164f70d0c8863b19ef84f741','http://joolun-base-test.oss-cn-zhangjiakou.aliyuncs.com/28.jpg',2,199.00,NULL,'0','0'),
('49543b3455c55e69f7a51a9259e97f31','1','0','2019-09-26 22:34:03','2019-11-16 20:55:43','5f1e9a65663da6450e73d623152ac806','ff39bc8f64b1d9b524b28c6000af8191','海信 BCD-220D/Q电冰箱家用三开门冷藏冷冻节能静音小型租房宿舍',NULL,'55a7d46eb9893cab480c70378d4dcefa','http://joolun-base-test.oss-cn-zhangjiakou.aliyuncs.com/21.jpg',1,0.10,NULL,'0','0'),
('544b280cc496660829f961284f0bfcfe','1','0','2019-11-16 22:15:22','2019-11-16 22:15:22','25f5f07e6f7c92e8a8adacd5e035f53f','4d06c5157cce971b89166e509cdf63e8','小程序付款演示','超值大礼包','7cee91d08568afe4f8c2a7651f52be8b','https://joolun-base-test.oss-cn-zhangjiakou.aliyuncs.com/1/material/61152cae-8dd2-4553-9992-33cd93075aff.gif',1,0.08,NULL,'0','0'),
('57c476a09bde404fff87c3985e1b6876','1','0','2019-09-22 20:32:34','2019-11-16 20:55:43','eb167ca7503b93b20d94ffb8c8f06497','40759ad0d99420e1c1ed79b67282bd74','华为平板 M6 10.8英寸 安卓平板电脑二合一安卓全网通4G通话手机m5 AI智能超薄大屏游戏2019新款平板正品ipad','86G，蓝色','f645c36b6a4572bcf93640267ef813b0','http://joolun-base-test.oss-cn-zhangjiakou.aliyuncs.com/1.jpg',4,4299.00,NULL,'0','0'),
('584a680a26d125f80c2438c2546a4728','1','0','2019-09-24 08:44:14','2019-11-16 20:55:43','1a35de6cfe2c67a5043a636030be8d4d','ff39bc8f64b1d9b524b28c6000af8191','海信 BCD-220D/Q电冰箱家用三开门冷藏冷冻节能静音小型租房宿舍',NULL,'55a7d46eb9893cab480c70378d4dcefa','http://joolun-base-test.oss-cn-zhangjiakou.aliyuncs.com/21.jpg',1,0.10,NULL,'1','0'),
('5ece99866bc63f9e7589d5422fe4e1da','1','0','2019-11-10 13:29:04','2019-11-16 20:55:43','12431271a31fb138248e25c6c7b4dfb3','4d06c5157cce971b89166e509cdf63e8','小程序付款演示','超值大礼包','7cee91d08568afe4f8c2a7651f52be8b','https://joolun-base-test.oss-cn-zhangjiakou.aliyuncs.com/1/material/61152cae-8dd2-4553-9992-33cd93075aff.gif',1,0.08,NULL,'0','0'),
('6666f2868b8c922a6aa8ac408646fc24','1','0','2019-11-11 22:41:46','2019-11-11 22:41:46','14144c785656ca143fb21c413570cf44','4d06c5157cce971b89166e509cdf63e8','小程序付款演示','裸机','894b591741d425ca9c1b1579ce299a5b','https://joolun-base-test.oss-cn-zhangjiakou.aliyuncs.com/1/material/0352cae9-2770-494e-9f08-97e474d90345.jpg',1,0.01,NULL,'1','0'),
('66a93270076cba0c4e15d62fbdccc459','1','0','2019-10-11 12:30:32','2019-11-16 20:55:43','91e879113d0df7481fa12842b0881193','ff39bc8f64b1d9b524b28c6000af8191','海信 BCD-220D/Q电冰箱家用三开门冷藏冷冻节能静音小型租房宿舍',NULL,'55a7d46eb9893cab480c70378d4dcefa','http://joolun-base-test.oss-cn-zhangjiakou.aliyuncs.com/21.jpg',1,3999.00,NULL,'0','0'),
('66e3ffe108bb3496188a79b1cf0ed552','1','0','2019-09-22 18:10:35','2019-11-16 20:55:43','237342b610874be926fe1820e8b392dd','6545a6fc2927edc195b93982f446917c','Huawei/华为P30 Pro曲面屏超感光徕卡四摄变焦980芯片智能手机p30pro','128G，4G全网通，亮黑色','5002eafdeca30f4c590b3288de5fa217','http://joolun-base-test.oss-cn-zhangjiakou.aliyuncs.com/O1CN01fSka3s1IOudDI765b_!!2616970884.jpg',1,0.01,NULL,'0','0'),
('6b0f7ff1650d24d63ea45d5087094bf5','1','0','2019-09-25 15:28:46','2019-11-16 20:55:43','acc55e9d7cb355649cc981a5245f773a','ff39bc8f64b1d9b524b28c6000af8191','海信 BCD-220D/Q电冰箱家用三开门冷藏冷冻节能静音小型租房宿舍',NULL,'55a7d46eb9893cab480c70378d4dcefa','http://joolun-base-test.oss-cn-zhangjiakou.aliyuncs.com/21.jpg',1,0.10,NULL,'0','0'),
('6d6b168127f6b01785036c41dfd3c58a','1','0','2019-09-23 22:51:48','2019-11-16 20:55:43','d2cbcc9cef8fd57f6f250b35bb9f2091','ff39bc8f64b1d9b524b28c6000af8191','海信 BCD-220D/Q电冰箱家用三开门冷藏冷冻节能静音小型租房宿舍',NULL,'55a7d46eb9893cab480c70378d4dcefa','http://joolun-base-test.oss-cn-zhangjiakou.aliyuncs.com/21.jpg',2,0.10,NULL,'0','0'),
('6e513ee250f71892f58a0ad1e5ffc465','1','0','2019-09-27 17:01:45','2019-11-16 20:55:43','347167130f8d0c96bec85e385beaccfc','4d06c5157cce971b89166e509cdf63e8','小程序付款演示',NULL,'84d7a885ce5ef3d692d92c6a81dd9f45','http://joolun-base-test.oss-cn-zhangjiakou.aliyuncs.com/%E5%BE%AE%E4%BF%A1%E5%9B%BE%E7%89%87_20190619223905.png',2,0.10,NULL,'0','0'),
('733002b3b538879a67c0af195631da7d','1','0','2019-10-10 10:17:18','2019-11-16 20:55:43','aeecab1f6989d5286bad2347cc0cf586','4d06c5157cce971b89166e509cdf63e8','小程序付款演示',NULL,'84d7a885ce5ef3d692d92c6a81dd9f45','http://joolun-base-test.oss-cn-zhangjiakou.aliyuncs.com/%E5%BE%AE%E4%BF%A1%E5%9B%BE%E7%89%87_20190619223905.png',1,0.10,NULL,'4','1'),
('734337bb2ff5a3e67fc887eeee1e1a6a','1','0','2019-11-19 11:50:47','2019-11-19 11:50:47','440c0344e18fa7634686b8d39f4e239b','4d06c5157cce971b89166e509cdf63e8','小程序付款演示','裸机','894b591741d425ca9c1b1579ce299a5b','https://joolun-base-test.oss-cn-zhangjiakou.aliyuncs.com/1/material/0352cae9-2770-494e-9f08-97e474d90345.jpg',1,0.01,NULL,'3','1'),
('73e3c581a0e04cd2644f8b3dc1d7a7ae','1','0','2019-09-25 21:13:45','2019-11-16 20:55:43','d18b276037bdef808f8618ab3a3aaf2c','43768c89b11316e1edf56c2fd56f7751','佳能 M100微单15-45 EOS高清数码相机女学生款vlog美颜','官方标配','f3273ea5922fcdbf67c03eac71f28900','http://joolun-base-test.oss-cn-zhangjiakou.aliyuncs.com/9.jpg',1,0.01,NULL,'0','0'),
('756fd85ae8946648d9a4a80dbc54cae5','1','0','2019-10-11 12:48:29','2019-11-16 20:55:43','30d56fb3b36fa5cf78d30911c3d01754','ff39bc8f64b1d9b524b28c6000af8191','海信 BCD-220D/Q电冰箱家用三开门冷藏冷冻节能静音小型租房宿舍',NULL,'55a7d46eb9893cab480c70378d4dcefa','http://joolun-base-test.oss-cn-zhangjiakou.aliyuncs.com/21.jpg',1,3999.00,NULL,'0','0'),
('75f5bb18461f42617649c824a0eb43ab','1','0','2019-09-22 21:40:01','2019-11-16 20:55:43','5e5a2db0541a440d194acc6996936eee','32ba699e9c291e801740077ae9a1889e','【7.12英寸大屏幕】Huawei/华为 畅享 MAX 全面屏水滴屏大电池长待机正品官方旗舰店 4G全网通智能手机89spxi','天际白，4g全网通，128G','3e10e228e08b1c8815b3111899cc549f','http://joolun-base-test.oss-cn-zhangjiakou.aliyuncs.com/59.jpg',1,0.10,NULL,'0','0'),
('788513a689a88ebd78c297574d4a2c26','1','0','2019-09-24 14:13:39','2019-11-16 20:55:43','876b7d66fef43fafb91df56570ac5191','6545a6fc2927edc195b93982f446917c','Huawei/华为P30 Pro曲面屏超感光徕卡四摄变焦980芯片智能手机p30pro','128G，4G全网通，亮黑色','5002eafdeca30f4c590b3288de5fa217','http://joolun-base-test.oss-cn-zhangjiakou.aliyuncs.com/O1CN01fSka3s1IOudDI765b_!!2616970884.jpg',1,0.01,NULL,'0','0'),
('7b975e2158243dbae2287e260fc8a8b8','1','0','2019-09-22 21:39:17','2019-11-16 20:55:43','57234484563133b8d44866da5b9edd3d','40759ad0d99420e1c1ed79b67282bd74','华为平板 M6 10.8英寸 安卓平板电脑二合一安卓全网通4G通话手机m5 AI智能超薄大屏游戏2019新款平板正品ipad','蓝色，64G','6b18b7db33857f362830a0287a781188','http://joolun-base-test.oss-cn-zhangjiakou.aliyuncs.com/1.jpg',2,3299.00,NULL,'0','0'),
('80c0887eb5a42898b9e94cea1f380958','1','0','2019-11-19 12:06:21','2019-11-19 12:06:21','b2540f32b7c4ece122adbccaaf713d2c','ff39bc8f64b1d9b524b28c6000af8191','海信 BCD-220D/Q电冰箱家用三开门冷藏冷冻节能静音小型租房宿舍',NULL,'55a7d46eb9893cab480c70378d4dcefa','http://joolun-base-test.oss-cn-zhangjiakou.aliyuncs.com/21.jpg',1,0.01,NULL,'3','1'),
('8be415b20c5793287b07de0ad724d8c3','1','0','2019-09-22 21:39:17','2019-11-16 20:55:43','57234484563133b8d44866da5b9edd3d','2835671ff031c18cb181b1a199f86b01','小米9 4800万超广角三摄 6GB+128GB全息幻彩蓝 骁龙855 全网通4G 双卡双待 水滴全面屏拍照智能游戏手机','红色，移动，64G','954060498a28ba885c504d9e9234a009','http://joolun-base-test.oss-cn-zhangjiakou.aliyuncs.com/7667c3f40823764d.jpg',2,2600.00,NULL,'0','0'),
('8bf85cc7a38bb874fba669742e2331b8','1','0','2019-10-11 13:38:11','2019-11-16 20:55:43','cbfc47c2fba63318e74532c360453bb6','ff39bc8f64b1d9b524b28c6000af8191','海信 BCD-220D/Q电冰箱家用三开门冷藏冷冻节能静音小型租房宿舍',NULL,'55a7d46eb9893cab480c70378d4dcefa','http://joolun-base-test.oss-cn-zhangjiakou.aliyuncs.com/21.jpg',1,3999.00,NULL,'0','0'),
('8ff7d1557ca8bdfbd1fe73374be563e3','1','0','2019-09-22 18:08:30','2019-11-16 20:55:43','ec8f3afc835ce71d213e77b28eda389f','43768c89b11316e1edf56c2fd56f7751','佳能 M100微单15-45 EOS高清数码相机女学生款vlog美颜','官方标配','f3273ea5922fcdbf67c03eac71f28900','http://joolun-base-test.oss-cn-zhangjiakou.aliyuncs.com/9.jpg',1,0.01,NULL,'0','0'),
('98399e0d803e0af29a3d90659c3f7436','1','0','2019-09-24 20:31:37','2019-09-24 20:31:37','83775cbec35630784ef07d0835f15b12','6545a6fc2927edc195b93982f446917c','Huawei/华为P30 Pro曲面屏超感光徕卡四摄变焦980芯片智能手机p30pro','128G，4G全网通，亮黑色','5002eafdeca30f4c590b3288de5fa217','http://joolun-base-test.oss-cn-zhangjiakou.aliyuncs.com/O1CN01fSka3s1IOudDI765b_!!2616970884.jpg',1,0.01,NULL,'1','0'),
('9bce728748da73ca1b3ac7aa289b0645','1','0','2019-11-05 12:15:02','2019-11-16 20:55:43','5bb598be27da4314c20f5d19d7b16314','28a43d02e7292131173fd0cc16cf3df8','Huawei/华为 P30全面屏超感光徕卡三摄变焦双景录像980芯片智能手机p30','4g全网通，极光色，8+256GB','b3cfdef62cc4b5589bbf4ebcd1255d83','http://joolun-base-test.oss-cn-zhangjiakou.aliyuncs.com/O1CN01R8Jql91mbDmjt4uXi_!!2201435294972.jpg',1,4488.00,NULL,'0','0'),
('a1d777b4a0bcee0ba132753297ec7f89','1','0','2019-11-11 22:35:13','2019-11-16 20:55:43','13945a4ba51a5516d9e3820394a5fe7e','4d06c5157cce971b89166e509cdf63e8','小程序付款演示','裸机','894b591741d425ca9c1b1579ce299a5b','https://joolun-base-test.oss-cn-zhangjiakou.aliyuncs.com/1/material/0352cae9-2770-494e-9f08-97e474d90345.jpg',1,0.01,NULL,'0','0'),
('a2cbfaeeb2612c0a4298837ec2d3cf2f','1','0','2019-09-22 21:36:54','2019-11-16 20:55:43','0a48bd981415d0c147f1a2cf2f63b882','ff3d6dd5a37ff42e2b67b87bd12d1d01','VIOMI/云米 BCD-456WMSD电冰箱双开门对开门智能风冷无霜家用小型','星光金','2467663a7b6432b726d5205088445559','http://joolun-base-test.oss-cn-zhangjiakou.aliyuncs.com/20.jpg',1,2999.00,NULL,'0','0'),
('a814695513304a2962b8d0100bf086c2','1','0','2019-11-05 12:15:02','2019-11-16 20:55:43','5bb598be27da4314c20f5d19d7b16314','40759ad0d99420e1c1ed79b67282bd74','华为平板 M6 10.8英寸 安卓平板电脑二合一安卓全网通4G通话手机m5 AI智能超薄大屏游戏2019新款平板正品ipad','蓝色，64G','6b18b7db33857f362830a0287a781188','http://joolun-base-test.oss-cn-zhangjiakou.aliyuncs.com/O1CN01BG5vmo1i7DMlX8MRI_!!0-item_pic.jpg',1,3299.00,NULL,'0','0'),
('aa7bc00aad569669968c76b4de01e0e2','1','0','2019-11-11 22:20:06','2019-11-16 20:55:43','0ca5ef62ace5018a2c168b4a7929536f','4d06c5157cce971b89166e509cdf63e8','小程序付款演示','裸机','894b591741d425ca9c1b1579ce299a5b','https://joolun-base-test.oss-cn-zhangjiakou.aliyuncs.com/1/material/0352cae9-2770-494e-9f08-97e474d90345.jpg',1,0.01,NULL,'0','0'),
('ab10b1c7707e915c00f11f75079aa255','1','0','2019-10-10 10:35:07','2019-11-16 20:55:43','e0e010f6e634ed02b56aa2fc9c4732bb','ff39bc8f64b1d9b524b28c6000af8191','海信 BCD-220D/Q电冰箱家用三开门冷藏冷冻节能静音小型租房宿舍',NULL,'55a7d46eb9893cab480c70378d4dcefa','http://joolun-base-test.oss-cn-zhangjiakou.aliyuncs.com/21.jpg',1,3999.00,NULL,'0','0'),
('b0be8090a06eabb6c91f860fb517925c','1','0','2019-10-11 12:57:44','2019-11-16 20:55:43','0e920a987725e9cdae00b92ac1898785','ff39bc8f64b1d9b524b28c6000af8191','海信 BCD-220D/Q电冰箱家用三开门冷藏冷冻节能静音小型租房宿舍',NULL,'55a7d46eb9893cab480c70378d4dcefa','http://joolun-base-test.oss-cn-zhangjiakou.aliyuncs.com/21.jpg',1,3999.00,NULL,'0','0'),
('b19dcde4a09eefaf5dfe3a4609d5e284','1','0','2019-09-26 15:02:44','2019-11-16 20:55:43','53ccf04b952e1980342bf1778e5b998a','ff39bc8f64b1d9b524b28c6000af8191','海信 BCD-220D/Q电冰箱家用三开门冷藏冷冻节能静音小型租房宿舍',NULL,'55a7d46eb9893cab480c70378d4dcefa','http://joolun-base-test.oss-cn-zhangjiakou.aliyuncs.com/21.jpg',1,0.10,NULL,'0','0'),
('b2a47047d44dc0a304c3bdbbc2b6d778','1','0','2019-11-05 12:15:02','2019-11-16 20:55:43','5bb598be27da4314c20f5d19d7b16314','43768c89b11316e1edf56c2fd56f7751','佳能 M100微单15-45 EOS高清数码相机女学生款vlog美颜','套餐一','37a22f1afeef4c7e73501403f0c15468','http://joolun-base-test.oss-cn-zhangjiakou.aliyuncs.com/9.jpg',1,7899.00,NULL,'0','0'),
('b350cb7a1b81567401d91b46d7f5e46d','1','0','2019-09-26 22:44:42','2019-11-16 20:55:43','6abfaf58a35a58807d1acaf96e321c18','1b46c10d275262533b352329cc6d3af0','SIEMENS/西门子 KG28NV290C 三体全无霜 风冷大容量三门冰箱','官方标配，欧若拉银','5a0a1c24928af80a732cd179faac2d58','http://joolun-base-test.oss-cn-zhangjiakou.aliyuncs.com/17.jpg',1,1.00,NULL,'0','0'),
('b752f7b875c344cba7ec189ea24d3948','1','0','2019-10-11 12:45:58','2019-11-16 20:55:43','be173ebbcfd19d20eabc6d668f579671','ff3d6dd5a37ff42e2b67b87bd12d1d01','VIOMI/云米 BCD-456WMSD电冰箱双开门对开门智能风冷无霜家用小型','星光金','2467663a7b6432b726d5205088445559','http://joolun-base-test.oss-cn-zhangjiakou.aliyuncs.com/20.jpg',1,2999.00,NULL,'0','0'),
('bb39c551d6e5814c9f5bcaa778d800a4','1','0','2019-09-24 20:12:17','2019-11-16 20:55:43','321f9e8cadbdbe6ce644a96879bea224','28a43d02e7292131173fd0cc16cf3df8','Huawei/华为 P30全面屏超感光徕卡三摄变焦双景录像980芯片智能手机p30','4g全网通，8+256GB，天空之境','5a2b3c606fada8b8537f136058ca21d0','http://joolun-base-test.oss-cn-zhangjiakou.aliyuncs.com/%E5%BE%AE%E4%BF%A1%E6%88%AA%E5%9B%BE_20190826115920.png',1,4488.00,NULL,'0','0'),
('bf4330d56551296090c9d96b67062819','1','0','2019-10-11 12:53:15','2019-11-16 20:55:43','787a945f8c532022acc28dd1b5a69545','ff3d6dd5a37ff42e2b67b87bd12d1d01','VIOMI/云米 BCD-456WMSD电冰箱双开门对开门智能风冷无霜家用小型','星光金','2467663a7b6432b726d5205088445559','http://joolun-base-test.oss-cn-zhangjiakou.aliyuncs.com/20.jpg',1,2999.00,NULL,'0','0'),
('bf460a809ff4b5886c6317633eed44a0','1','0','2019-09-25 21:15:39','2019-11-16 20:55:43','630a070ac90008a20a4115f22bd48145','58c12341a226b641435b9aa435a1133c','顺丰包邮/多重好礼 Huawei/华为 P20 Pro 手机全面屏徕卡三摄旗舰官方旗舰店正品全网通4G/Mate20/荣耀v20','64G，4g全网通，极光色，官方标配','37c5999bb7fc76116999b7a19b99a851','http://joolun-base-test.oss-cn-zhangjiakou.aliyuncs.com/14.jpg',1,0.01,NULL,'0','0'),
('c8b0cc6e9eaa3945746e5673af1238f8','1','0','2019-10-11 12:59:01','2019-11-16 20:55:43','ffa700b06cbf0094c0c2f0cce2891c56','ff39bc8f64b1d9b524b28c6000af8191','海信 BCD-220D/Q电冰箱家用三开门冷藏冷冻节能静音小型租房宿舍',NULL,'55a7d46eb9893cab480c70378d4dcefa','http://joolun-base-test.oss-cn-zhangjiakou.aliyuncs.com/21.jpg',1,3999.00,NULL,'0','0'),
('cf8e6ba07e940d7deced1ec27c1d3c35','1','0','2019-09-27 16:18:12','2019-11-16 20:55:43','bea0b0bacc1905c24b16550d809e7ddb','43768c89b11316e1edf56c2fd56f7751','佳能 M100微单15-45 EOS高清数码相机女学生款vlog美颜','官方标配','f3273ea5922fcdbf67c03eac71f28900','http://joolun-base-test.oss-cn-zhangjiakou.aliyuncs.com/9.jpg',1,0.01,NULL,'0','0'),
('d4bf104d03dbc1b6e51e137dbcd8add0','1','0','2019-09-26 14:50:03','2019-11-16 20:55:43','2db258cd6704269cda038772b525e2df','ff39bc8f64b1d9b524b28c6000af8191','海信 BCD-220D/Q电冰箱家用三开门冷藏冷冻节能静音小型租房宿舍',NULL,'55a7d46eb9893cab480c70378d4dcefa','http://joolun-base-test.oss-cn-zhangjiakou.aliyuncs.com/21.jpg',1,0.10,NULL,'0','0'),
('d7ecf7835f73a2e15fcd5e84e4f21216','1','0','2019-09-22 21:39:17','2019-11-16 20:55:43','57234484563133b8d44866da5b9edd3d','32ba699e9c291e801740077ae9a1889e','【7.12英寸大屏幕】Huawei/华为 畅享 MAX 全面屏水滴屏大电池长待机正品官方旗舰店 4G全网通智能手机89spxi','天际白，4g全网通，128G','3e10e228e08b1c8815b3111899cc549f','http://joolun-base-test.oss-cn-zhangjiakou.aliyuncs.com/59.jpg',5,0.10,NULL,'0','0'),
('d90d2459da7b65f5e8dca2ad0712cda4','1','0','2019-11-10 13:50:43','2019-11-16 20:55:43','e7bcf3b65cf655aa884adc435995db4d','6545a6fc2927edc195b93982f446917c','Huawei/华为P30 Pro曲面屏超感光徕卡四摄变焦980芯片智能手机p30pro','4G全网通，256G，亮黑色','f3b7f08030e448c0aaca6895e65aa5e9','http://joolun-base-test.oss-cn-zhangjiakou.aliyuncs.com/O1CN01fSka3s1IOudDI765b_!!2616970884.jpg',1,5488.00,NULL,'0','0'),
('e5c920ae21c2a4c785ffd4d7aa238b18','1','0','2019-10-11 09:57:50','2019-11-16 20:55:43','4b9a47cd30e1c5f17d1e53f2d7b1ba33','4d06c5157cce971b89166e509cdf63e8','小程序付款演示',NULL,'84d7a885ce5ef3d692d92c6a81dd9f45','http://joolun-base-test.oss-cn-zhangjiakou.aliyuncs.com/%E5%BE%AE%E4%BF%A1%E5%9B%BE%E7%89%87_20190619223905.png',1,0.10,NULL,'3','1'),
('e79fcc8f5b34b36574b354feae94246e','1','0','2019-10-11 13:39:45','2019-11-16 20:55:43','eb954bae32a17ce40184265b90e2c1c5','ff39bc8f64b1d9b524b28c6000af8191','海信 BCD-220D/Q电冰箱家用三开门冷藏冷冻节能静音小型租房宿舍',NULL,'55a7d46eb9893cab480c70378d4dcefa','http://joolun-base-test.oss-cn-zhangjiakou.aliyuncs.com/21.jpg',1,3999.00,NULL,'0','0'),
('e867a279af2cfe8c3e8169dd8daf4eaf','1','0','2019-09-22 18:08:30','2019-11-16 20:55:43','ec8f3afc835ce71d213e77b28eda389f','6545a6fc2927edc195b93982f446917c','Huawei/华为P30 Pro曲面屏超感光徕卡四摄变焦980芯片智能手机p30pro','128G，4G全网通，亮黑色','5002eafdeca30f4c590b3288de5fa217','http://joolun-base-test.oss-cn-zhangjiakou.aliyuncs.com/O1CN01fSka3s1IOudDI765b_!!2616970884.jpg',2,0.01,NULL,'0','0'),
('ebe33583232de06302c252cd5852d34d','1','0','2019-09-26 23:23:15','2019-11-16 20:55:43','e9497016faa3b937590e814ad0f9cf34','ff39bc8f64b1d9b524b28c6000af8191','海信 BCD-220D/Q电冰箱家用三开门冷藏冷冻节能静音小型租房宿舍',NULL,'55a7d46eb9893cab480c70378d4dcefa','http://joolun-base-test.oss-cn-zhangjiakou.aliyuncs.com/21.jpg',1,0.10,NULL,'0','0'),
('ecab0d3f8311d4e3d02d235616114ecf','1','0','2019-11-19 11:04:51','2019-11-19 11:04:51','18ab28b4b5fde38271dbc129815892fe','4d06c5157cce971b89166e509cdf63e8','小程序付款演示','裸机','894b591741d425ca9c1b1579ce299a5b','https://joolun-base-test.oss-cn-zhangjiakou.aliyuncs.com/1/material/0352cae9-2770-494e-9f08-97e474d90345.jpg',1,0.01,NULL,'3','1'),
('ef8a7e4633d821e0086e38b8d562c559','1','0','2019-09-26 14:55:27','2019-11-16 20:55:43','4a56db8916471bc20cab4aad67049134','ff39bc8f64b1d9b524b28c6000af8191','海信 BCD-220D/Q电冰箱家用三开门冷藏冷冻节能静音小型租房宿舍',NULL,'55a7d46eb9893cab480c70378d4dcefa','http://joolun-base-test.oss-cn-zhangjiakou.aliyuncs.com/21.jpg',1,0.10,NULL,'0','0'),
('f11ab366a47b52eb6d6d5cb6dc18437c','1','0','2019-10-11 12:55:58','2019-11-16 20:55:43','17d415c706ba9c3367acc07cb8fc47e3','ff3d6dd5a37ff42e2b67b87bd12d1d01','VIOMI/云米 BCD-456WMSD电冰箱双开门对开门智能风冷无霜家用小型','星光金','2467663a7b6432b726d5205088445559','http://joolun-base-test.oss-cn-zhangjiakou.aliyuncs.com/20.jpg',1,2999.00,NULL,'0','0'),
('f27f7f3c68a7bb619be425e6cc8c843c','1','0','2019-11-19 11:50:47','2019-11-19 11:50:47','440c0344e18fa7634686b8d39f4e239b','ff39bc8f64b1d9b524b28c6000af8191','海信 BCD-220D/Q电冰箱家用三开门冷藏冷冻节能静音小型租房宿舍',NULL,'55a7d46eb9893cab480c70378d4dcefa','http://joolun-base-test.oss-cn-zhangjiakou.aliyuncs.com/21.jpg',1,0.01,NULL,'4','1'),
('f6f291e26d443d611994d8f58ee3e659','1','0','2019-11-11 23:35:28','2019-11-11 23:35:28','9da85ae06bd72bc02d7287b08ae15f14','ff39bc8f64b1d9b524b28c6000af8191','海信 BCD-220D/Q电冰箱家用三开门冷藏冷冻节能静音小型租房宿舍',NULL,'55a7d46eb9893cab480c70378d4dcefa','http://joolun-base-test.oss-cn-zhangjiakou.aliyuncs.com/21.jpg',1,0.01,NULL,'1','0'),
('f8eaf89ff5b5040b64fc3875036dfdfd','1','0','2019-11-10 13:52:04','2019-11-10 13:52:04','fbbd2e59843b9b8d0ccd50d19c76aa13','4d06c5157cce971b89166e509cdf63e8','小程序付款演示','裸机','894b591741d425ca9c1b1579ce299a5b','https://joolun-base-test.oss-cn-zhangjiakou.aliyuncs.com/1/material/0352cae9-2770-494e-9f08-97e474d90345.jpg',1,0.01,NULL,'3','1');

/*Table structure for table `order_logistics` */

DROP TABLE IF EXISTS `order_logistics`;

CREATE TABLE `order_logistics` (
  `id` varchar(32) CHARACTER SET utf8mb4 COLLATE utf8mb4_0900_ai_ci NOT NULL COMMENT 'PK',
  `tenant_id` varchar(32) CHARACTER SET utf8mb4 COLLATE utf8mb4_0900_ai_ci NOT NULL COMMENT '所属租户',
  `del_flag` char(2) CHARACTER SET utf8mb4 COLLATE utf8mb4_0900_ai_ci NOT NULL DEFAULT '0' COMMENT '逻辑删除标记（0：显示；1：隐藏）',
  `create_time` datetime NOT NULL DEFAULT CURRENT_TIMESTAMP COMMENT '创建时间',
  `update_time` timestamp NOT NULL DEFAULT CURRENT_TIMESTAMP ON UPDATE CURRENT_TIMESTAMP COMMENT '最后更新时间',
  `postal_code` varchar(10) CHARACTER SET utf8mb4 COLLATE utf8mb4_0900_ai_ci DEFAULT NULL COMMENT '邮编',
  `user_name` varchar(50) CHARACTER SET utf8mb4 COLLATE utf8mb4_0900_ai_ci NOT NULL COMMENT '收货人名字',
  `tel_num` varchar(20) CHARACTER SET utf8mb4 COLLATE utf8mb4_0900_ai_ci NOT NULL COMMENT '电话号码',
  `address` varchar(255) CHARACTER SET utf8mb4 COLLATE utf8mb4_0900_ai_ci NOT NULL COMMENT '详细地址',
  `logistics` char(20) CHARACTER SET utf8mb4 COLLATE utf8mb4_0900_ai_ci DEFAULT NULL COMMENT '物流商家',
  `logistics_no` varchar(30) CHARACTER SET utf8mb4 COLLATE utf8mb4_0900_ai_ci DEFAULT NULL COMMENT '物流单号',
  `status` char(2) CHARACTER SET utf8mb4 COLLATE utf8mb4_0900_ai_ci DEFAULT NULL COMMENT '快递单当前状态，包括-1错误，0在途，1揽收，2疑难，3签收，4退签，5派件，6退回，7转投 等7个状态',
  `is_check` char(2) CHARACTER SET utf8mb4 COLLATE utf8mb4_0900_ai_ci DEFAULT NULL COMMENT '签收标记（0：未签收；1：已签收）',
  `message` varchar(500) CHARACTER SET utf8mb4 COLLATE utf8mb4_0900_ai_ci DEFAULT NULL COMMENT '相关信息',
  PRIMARY KEY (`id`),
  KEY `ids_tenant_id` (`tenant_id`) USING BTREE
) ENGINE=InnoDB DEFAULT CHARSET=utf8mb4 COLLATE=utf8mb4_0900_ai_ci ROW_FORMAT=DYNAMIC COMMENT='订单物流表';

/*Data for the table `order_logistics` */

insert  into `order_logistics`(`id`,`tenant_id`,`del_flag`,`create_time`,`update_time`,`postal_code`,`user_name`,`tel_num`,`address`,`logistics`,`logistics_no`,`status`,`is_check`,`message`) values 
('0392add5633b13656062661854cb82c4','1','0','2019-09-26 14:50:03','2019-09-26 14:50:03',NULL,'我们','18499797632','湖南省长沙市芙蓉区谢谢支持你的工作的工作','shentong','773004973595665','1',NULL,NULL),
('04adb4d12812a25405c9156d6a0d01cd','1','0','2019-11-10 13:29:04','2019-11-10 13:29:04',NULL,'李斌','18608419762','湖南省长沙市岳麓区腾讯众创空间长沙(长沙市岳麓区)',NULL,NULL,NULL,NULL,NULL),
('0707185a19bf123aa680be9c2c5675be','1','0','2019-09-26 14:55:27','2019-09-26 14:55:27',NULL,'我们','18499797632','湖南省长沙市芙蓉区谢谢支持你的工作的工作','shentong','773004973595666','1',NULL,NULL),
('07931a31fa995ad08afc3a2d0679334a','1','0','2019-09-26 23:23:15','2019-09-26 23:23:15',NULL,'我们','18499797632','湖南省长沙市芙蓉区谢谢支持你的工作的工作','shentong','773004973595678','1',NULL,NULL),
('088a5f037fc9603b7888b3fc4f6efd63','1','0','2019-11-12 09:41:32','2019-11-12 09:41:32',NULL,'李斌','18608419762','湖南省长沙市岳麓区腾讯众创空间长沙(长沙市岳麓区)','huitongkuaidi','71496984844846','3','1','您已在长沙明发国际城2栋1单元店完成取件，感谢使用菜鸟驿站，期待再次为您服务。'),
('11df2af2776c77dabd45a8d11a9fcc95','1','0','2019-09-22 21:40:01','2019-09-22 21:40:01',NULL,'我们','18499797632','湖南省长沙市芙蓉区谢谢支持你的工作的工作',NULL,NULL,NULL,NULL,NULL),
('1a443047e9f5c353a078ff738e92570d','1','0','2019-09-27 16:18:12','2019-09-27 16:18:12',NULL,'我们','18499797632','湖南省长沙市芙蓉区谢谢支持你的工作的工作','shentong','7730049735956565','1',NULL,NULL),
('1ded60def368328f9b6e8531b60623c0','1','0','2019-10-11 12:53:15','2019-10-11 12:53:15',NULL,'李斌','18608419762','湖南省长沙市岳麓区腾讯众创空间长沙(长沙市岳麓区)',NULL,NULL,NULL,NULL,NULL),
('1f466648fae89b1ce7940d95492063d1','1','0','2019-10-11 13:39:45','2019-10-11 13:39:45',NULL,'李斌','18608419762','湖南省长沙市岳麓区腾讯众创空间长沙(长沙市岳麓区)',NULL,NULL,NULL,NULL,NULL),
('21e6fb4c38f345bf84723aa2e1321e0a','1','0','2019-09-23 22:51:48','2019-09-23 22:51:48',NULL,'我们','18499797632','湖南省长沙市芙蓉区谢谢支持你的工作的工作',NULL,NULL,NULL,NULL,NULL),
('28f18c73e25e271b59313d53b16855fc','1','0','2019-09-26 23:21:34','2019-09-26 23:21:34',NULL,'小七','15575663233','江苏省南京市玄武区有一个姑娘','shentong','773004973595667','1',NULL,NULL),
('298c78c41937311d54190db40436270b','1','0','2019-09-25 21:13:45','2019-09-25 21:13:45',NULL,'我们','18499797632','湖南省长沙市芙蓉区谢谢支持你的工作的工作',NULL,NULL,NULL,NULL,NULL),
('2f13694e03e41dcb940a366c002960e6','1','0','2019-09-25 21:15:39','2019-09-25 21:15:39',NULL,'我们','18499797632','湖南省长沙市芙蓉区谢谢支持你的工作的工作',NULL,NULL,NULL,NULL,NULL),
('38b29fc148c7f20cf5907ac404c1f38c','1','0','2019-09-24 20:09:12','2019-09-24 20:09:12',NULL,'我们','18499797632','湖南省长沙市芙蓉区谢谢支持你的工作的工作',NULL,NULL,NULL,NULL,NULL),
('3af415212108edd59cae3da481909cd7','1','0','2019-11-10 13:52:04','2019-11-10 13:52:04',NULL,'李斌','18608419762','湖南省长沙市岳麓区腾讯众创空间长沙(长沙市岳麓区)',NULL,NULL,NULL,NULL,NULL),
('414d802fd8a53e32664471ca3aff937f','1','0','2019-09-22 21:36:54','2019-09-22 21:36:54',NULL,'我们','18499797632','湖南省长沙市芙蓉区谢谢支持你的工作的工作',NULL,NULL,NULL,NULL,NULL),
('41c643520b51995678d13321114ad3c8','1','0','2019-09-27 16:22:29','2019-09-27 16:22:29',NULL,'我们','18499797632','湖南省长沙市芙蓉区谢谢支持你的工作的工作','shentong','7730049735954565','1',NULL,NULL),
('423f2fc45949303c919e0900d0c4bc5c','1','0','2019-11-11 22:20:06','2019-11-11 22:20:06',NULL,'李斌','18608419762','湖南省长沙市岳麓区腾讯众创空间长沙(长沙市岳麓区)',NULL,NULL,NULL,NULL,NULL),
('4c52cf5f5746e8c0c225175e2e00a785','1','0','2019-11-11 23:35:28','2019-11-11 23:35:28',NULL,'李斌','18608419762','湖南省长沙市岳麓区腾讯众创空间长沙(长沙市岳麓区)','yuantong','YT4185035097283','3','1','客户签收人: 已签收，签收人凭取货码签收。 已签收 感谢使用圆通速递，期待再次为您服务 如有疑问请联系：17872173637，投诉电话：0731-88558800'),
('5042d635d0a7581d2e302144d6fd37d9','1','0','2019-11-11 22:47:57','2019-11-11 22:47:57',NULL,'李斌','18608419762','湖南省长沙市岳麓区腾讯众创空间长沙(长沙市岳麓区)',NULL,NULL,NULL,NULL,NULL),
('5eac97c3ce86b80502dea9d48b82d97e','1','0','2019-09-26 22:26:08','2019-09-26 22:26:08',NULL,'我们','18499797632','湖南省长沙市芙蓉区谢谢支持你的工作的工作',NULL,NULL,NULL,NULL,NULL),
('69c08672255bb0369c181701941feb40','1','0','2019-09-26 22:44:42','2019-09-26 22:44:42',NULL,'我们','18499797632','湖南省长沙市芙蓉区谢谢支持你的工作的工作','shentong','773004973595661','1',NULL,NULL),
('6a57365da50553760fc8be6b26c722fc','1','0','2019-10-11 12:55:58','2019-10-11 12:55:58',NULL,'李斌','18608419762','湖南省长沙市岳麓区腾讯众创空间长沙(长沙市岳麓区)',NULL,NULL,NULL,NULL,NULL),
('6e93fe489f78018b48c02f861d5d348d','1','0','2019-10-11 09:57:50','2019-10-11 09:57:50',NULL,'李斌','18608419762','湖南省长沙市岳麓区腾讯众创空间长沙(长沙市岳麓区)','yuantong','YT4129493124045','3','1','客户 签收人: 已签收，签收人凭取货码签收。 已签收 感谢使用圆通速递，期待再次为您服务'),
('700641e037b1a008ac3dc23109fac6d2','1','0','2019-11-16 22:15:22','2019-11-16 22:15:22',NULL,'李斌','18608419762','湖南省长沙市岳麓区腾讯众创空间长沙(长沙市岳麓区)',NULL,NULL,NULL,NULL,NULL),
('725a7f71a3388646bc0d65b23c351314','1','0','2019-10-11 12:57:44','2019-10-11 12:57:44',NULL,'李斌','18608419762','湖南省长沙市岳麓区腾讯众创空间长沙(长沙市岳麓区)',NULL,NULL,NULL,NULL,NULL),
('76d9a7a6a146cfb347459a0a8a1d29c7','1','0','2019-10-12 12:24:36','2019-10-12 12:24:36',NULL,'李斌','18608419762','湖南省长沙市岳麓区腾讯众创空间长沙(长沙市岳麓区)',NULL,NULL,NULL,NULL,NULL),
('77dee9fb41e95bb841e25f700cdcb63e','1','0','2019-11-11 22:45:38','2019-11-11 22:45:38',NULL,'李斌','18608419762','湖南省长沙市岳麓区腾讯众创空间长沙(长沙市岳麓区)',NULL,NULL,NULL,NULL,NULL),
('7ad2f1a05772732986b2c284190ebef7','1','0','2019-11-05 12:15:02','2019-11-05 12:15:02',NULL,'李斌','18608419762','湖南省长沙市岳麓区腾讯众创空间长沙(长沙市岳麓区)',NULL,NULL,NULL,NULL,NULL),
('7d3ea7e16d4712eebd13b57c6764d14d','1','0','2019-09-25 23:04:03','2019-09-25 23:04:03',NULL,'李斌','18608419762','湖南省长沙市岳麓区腾讯众创空间长沙(长沙市岳麓区)',NULL,NULL,NULL,NULL,NULL),
('7f52ba7b90a710781f852ce6950b9c2a','1','0','2019-10-10 10:17:18','2019-10-10 10:17:18',NULL,'李斌','18608419762','湖南省长沙市岳麓区腾讯众创空间长沙(长沙市岳麓区)','yuantong','YT4126057190655','1',NULL,NULL),
('80ad8e9d42acc772a8518af4e12a5d3f','1','0','2019-09-27 16:11:34','2019-09-27 16:11:34',NULL,'我们','18499797632','湖南省长沙市芙蓉区谢谢支持你的工作的工作','shentong','773004973595445','1',NULL,NULL),
('82a8510a2c30d3344abb9f977e740336','1','0','2019-11-11 23:09:02','2019-11-11 23:09:02',NULL,'李斌','18608419762','湖南省长沙市岳麓区腾讯众创空间长沙(长沙市岳麓区)',NULL,NULL,NULL,NULL,NULL),
('8a2086e559b191c7318a5bb6e74524b5','1','0','2019-10-11 12:30:32','2019-10-11 12:30:32',NULL,'李斌','18608419762','湖南省长沙市岳麓区腾讯众创空间长沙(长沙市岳麓区)',NULL,NULL,NULL,NULL,NULL),
('905b49bb049416960fbd185a79fa9f5c','1','0','2019-09-22 20:32:34','2019-09-22 20:32:34',NULL,'我们','18499797632','湖南省长沙市芙蓉区谢谢支持你的工作的工作',NULL,NULL,NULL,NULL,NULL),
('9749a895fa5765146d5dfb455bb182b7','1','0','2019-11-11 22:41:46','2019-11-11 22:41:46',NULL,'李斌','18608419762','湖南省长沙市岳麓区腾讯众创空间长沙(长沙市岳麓区)','shunfeng','SF1013431828625','0','0','[长沙星沙中转场]快件到达 【长沙星沙集散中心】'),
('98b7cf1c64e1883ae12dfacde0f668db','1','0','2019-10-11 12:48:29','2019-10-11 12:48:29',NULL,'李斌','18608419762','湖南省长沙市岳麓区腾讯众创空间长沙(长沙市岳麓区)',NULL,NULL,NULL,NULL,NULL),
('98c14d70aa39c43c1c5641d4dd221988','1','0','2019-09-26 15:02:44','2019-09-26 15:02:44',NULL,'我们','18499797632','湖南省长沙市芙蓉区谢谢支持你的工作的工作','shentong','7730049735956645','1',NULL,NULL),
('9a01b8dd0b5dfa5c60c94220109823db','1','0','2019-11-17 16:29:23','2019-11-17 16:29:23',NULL,'李斌','18608419762','湖南省长沙市岳麓区腾讯众创空间长沙(长沙市岳麓区)',NULL,NULL,NULL,NULL,NULL),
('9a9e47fe012a198a55a593b281ac6ff2','1','0','2019-09-26 17:20:13','2019-09-26 17:20:13',NULL,'李斌','18608419762','湖南省长沙市岳麓区腾讯众创空间长沙(长沙市岳麓区)',NULL,NULL,NULL,NULL,NULL),
('9ca92fd0fdc75be1c0f9b35d7cc68b26','1','0','2019-09-24 08:44:14','2019-09-24 08:44:14',NULL,'李斌','18608419762','湖南省长沙市岳麓区腾讯众创空间长沙(长沙市岳麓区)',NULL,NULL,NULL,NULL,NULL),
('9ceaa24fc4d789258587fb6c6ed47abd','1','0','2019-10-11 13:38:11','2019-10-11 13:38:11',NULL,'李斌','18608419762','湖南省长沙市岳麓区腾讯众创空间长沙(长沙市岳麓区)',NULL,NULL,NULL,NULL,NULL),
('9f863d28f9d5fa82cfe4beda1ba488d7','1','0','2019-09-24 18:02:09','2019-09-24 18:02:09',NULL,'李斌','18608419762','湖南省长沙市岳麓区腾讯众创空间长沙(长沙市岳麓区)',NULL,NULL,NULL,NULL,NULL),
('a1e71935d76fa9ff398b3f664f0f5561','1','0','2019-11-19 12:06:20','2019-11-19 12:06:20',NULL,'李斌','18608419762','湖南省长沙市岳麓区腾讯众创空间长沙(长沙市岳麓区)',NULL,NULL,NULL,NULL,NULL),
('a6534a3db10211e701f80e5610fbdeb8','1','0','2019-09-25 15:28:46','2019-09-25 15:28:46',NULL,'李斌','18608419762','湖南省长沙市岳麓区腾讯众创空间长沙(长沙市岳麓区)',NULL,NULL,NULL,NULL,NULL),
('a774240aa049d768ede9fd6127abd940','1','0','2019-11-10 13:50:43','2019-11-10 13:50:43',NULL,'李斌','18608419762','湖南省长沙市岳麓区腾讯众创空间长沙(长沙市岳麓区)',NULL,NULL,NULL,NULL,NULL),
('a9cece6226b5cd1b6bbc4ddd21563635','1','0','2019-09-22 21:39:17','2019-09-22 21:39:17',NULL,'我们','18499797632','湖南省长沙市芙蓉区谢谢支持你的工作的工作',NULL,NULL,NULL,NULL,NULL),
('af689beb4451c54914ccd0ca00e26f52','1','0','2019-11-19 11:04:51','2019-11-19 11:04:51',NULL,'李斌','18608419762','湖南省长沙市岳麓区腾讯众创空间长沙(长沙市岳麓区)',NULL,NULL,NULL,NULL,NULL),
('b1c4412ea562908c9fc43bee4d646785','1','0','2019-11-11 22:35:13','2019-11-11 22:35:13',NULL,'李斌','18608419762','湖南省长沙市岳麓区腾讯众创空间长沙(长沙市岳麓区)',NULL,NULL,NULL,NULL,NULL),
('b352149938112b88b6757cff1a609faf','1','0','2019-09-24 20:31:37','2019-09-24 20:31:37',NULL,'李斌','18608419762','湖南省长沙市岳麓区腾讯众创空间长沙(长沙市岳麓区)',NULL,NULL,NULL,NULL,NULL),
('b61913deb93a60f2dfeeb8fa12b862a5','1','0','2019-10-11 12:59:01','2019-10-11 12:59:01',NULL,'李斌','18608419762','湖南省长沙市岳麓区腾讯众创空间长沙(长沙市岳麓区)',NULL,NULL,NULL,NULL,NULL),
('b937f74ce4dd4ada92c7920a485861da','1','0','2019-10-10 10:35:07','2019-10-10 10:35:07',NULL,'李斌','18608419762','湖南省长沙市岳麓区腾讯众创空间长沙(长沙市岳麓区)',NULL,NULL,NULL,NULL,NULL),
('ba85486f349fc5683e933782484396cd','1','0','2019-09-26 14:17:02','2019-09-26 14:17:02',NULL,'我们','18499797632','湖南省长沙市芙蓉区谢谢支持你的工作的工作',NULL,NULL,NULL,NULL,NULL),
('bda4aefbc94348baad3747ef7a8493e6','1','0','2019-09-24 20:12:17','2019-09-24 20:12:17',NULL,'我们','18499797632','湖南省长沙市芙蓉区谢谢支持你的工作的工作',NULL,NULL,NULL,NULL,NULL),
('be430e8aa0dfc6b125df0d13ad901fce','1','0','2019-09-26 21:40:34','2019-09-26 21:40:34',NULL,'李斌','18608419762','湖南省长沙市岳麓区腾讯众创空间长沙(长沙市岳麓区)',NULL,NULL,NULL,NULL,NULL),
('c53a5c416dc7ffb5937fc0ceda58e4bb','1','0','2019-09-22 18:08:30','2019-09-22 18:08:30',NULL,'李斌','18608419762','湖南省长沙市岳麓区腾讯众创空间长沙(长沙市岳麓区)','shentong','773005164547663','3','1','已签收,签收人是（冯斌代签）先生/女士，风里来，雨里去，汗也撒泪也流，申通小哥一刻不停留。不求服务惊天下，但求好评动我心，给个好评呗！！如有疑问请联系派件员梁文卓(18307362848)，感谢使用申通快递，期待再次为您服务'),
('c6228667e48a755dfb5b8e9269e06522','1','0','2019-10-11 12:45:58','2019-10-11 12:45:58',NULL,'李斌','18608419762','湖南省长沙市岳麓区腾讯众创空间长沙(长沙市岳麓区)',NULL,NULL,NULL,NULL,NULL),
('d81b7ca0a9db9ee74b839dd813d303c5','1','0','2019-09-24 14:13:39','2019-09-24 14:13:39',NULL,'李斌','18608419762','湖南省长沙市岳麓区腾讯众创空间长沙(长沙市岳麓区)','shentong','773004093868347','3','1','已签收,签收人是（073189530393代签）先生/女士，风里来，雨里去，汗也撒泪也流，申通小哥一刻不停留。不求服务惊天下，但求好评动我心，给个好评呗！！如有疑问请联系派件员湖南望城(15111474320,0731-89520939)，感谢使用申通快递，期待再次为您服务'),
('db8089b29b15242063753cc03d4d11a3','1','0','2019-09-26 22:34:03','2019-09-26 22:34:03',NULL,'我们','18499797632','湖南省长沙市芙蓉区谢谢支持你的工作的工作','shentong','773004973595662','1',NULL,NULL),
('e466ac92a8688fbd1c784a26f6b91285','1','0','2019-11-17 16:30:45','2019-11-17 16:30:45',NULL,'李斌','18608419762','湖南省长沙市岳麓区腾讯众创空间长沙(长沙市岳麓区)',NULL,NULL,NULL,NULL,NULL),
('e57288ba2b2cd94ffab299b5094fec50','1','0','2019-10-11 13:33:51','2019-10-11 13:33:51',NULL,'李斌','18608419762','湖南省长沙市岳麓区腾讯众创空间长沙(长沙市岳麓区)',NULL,NULL,NULL,NULL,NULL),
('ed947e8cdd5b67644ecbf0935b7695f5','1','0','2019-11-19 11:50:47','2019-11-19 11:50:47',NULL,'李斌','18608419762','湖南省长沙市岳麓区腾讯众创空间长沙(长沙市岳麓区)',NULL,NULL,NULL,NULL,NULL),
('f10ecbf99adc7f192d928c301df23603','1','0','2019-09-22 18:10:35','2019-09-22 18:10:35',NULL,'李斌','18608419762','湖南省长沙市岳麓区腾讯众创空间长沙(长沙市岳麓区)','shentong','770000217334993','3','1','已签收,签收人是（时代倾城二期十四栋快递之家代收，电话16607499909）先生/女士，风里来，雨里去，汗也撒泪也流，申通小哥一刻不停留。不求服务惊天下，但求好评动我心，给个好评呗！！如有疑问请联系派件员时代倾城二三期(16607499427)，感谢使用申通快递，期待再次为您服务'),
('f1527e94bc85171579ee279b9b14be8f','1','0','2019-09-27 17:01:45','2019-09-27 17:01:45',NULL,'我们','18499797632','湖南省长沙市芙蓉区谢谢支持你的工作的工作','shentong','773004973595669','1',NULL,NULL),
('f4b10b3f6b20a2613b93f6e89284b0e2','1','0','2019-09-26 23:26:03','2019-09-26 23:26:03',NULL,'我们','18499797632','湖南省长沙市芙蓉区谢谢支持你的工作的工作','shentong','7730049735958865','1',NULL,NULL),
('f6bbd9c8c32bd8916c6169dc2d876956','1','0','2019-09-26 18:10:36','2019-09-26 18:10:36',NULL,'李斌','18608419762','湖南省长沙市岳麓区腾讯众创空间长沙(长沙市岳麓区)',NULL,NULL,NULL,NULL,NULL);

/*Table structure for table `order_logistics_detail` */

DROP TABLE IF EXISTS `order_logistics_detail`;

CREATE TABLE `order_logistics_detail` (
  `id` varchar(32) CHARACTER SET utf8mb4 COLLATE utf8mb4_0900_ai_ci NOT NULL COMMENT 'PK',
  `tenant_id` varchar(32) CHARACTER SET utf8mb4 COLLATE utf8mb4_0900_ai_ci NOT NULL COMMENT '所属租户',
  `del_flag` char(2) CHARACTER SET utf8mb4 COLLATE utf8mb4_0900_ai_ci NOT NULL DEFAULT '0' COMMENT '逻辑删除标记（0：显示；1：隐藏）',
  `create_time` datetime NOT NULL DEFAULT CURRENT_TIMESTAMP COMMENT '创建时间',
  `update_time` timestamp NOT NULL DEFAULT CURRENT_TIMESTAMP ON UPDATE CURRENT_TIMESTAMP COMMENT '最后更新时间',
  `logistics_id` varchar(32) CHARACTER SET utf8mb4 COLLATE utf8mb4_0900_ai_ci NOT NULL COMMENT '物流id',
  `logistics_time` datetime NOT NULL COMMENT '物流时间',
  `logistics_information` varchar(500) CHARACTER SET utf8mb4 COLLATE utf8mb4_0900_ai_ci NOT NULL COMMENT '物流信息',
  PRIMARY KEY (`id`) USING BTREE,
  KEY `ids_tenant_id` (`tenant_id`) USING BTREE
) ENGINE=InnoDB DEFAULT CHARSET=utf8mb4 COLLATE=utf8mb4_0900_ai_ci ROW_FORMAT=DYNAMIC COMMENT='订单物流详情表';

/*Data for the table `order_logistics_detail` */

insert  into `order_logistics_detail`(`id`,`tenant_id`,`del_flag`,`create_time`,`update_time`,`logistics_id`,`logistics_time`,`logistics_information`) values 
('00009223dd7d52c99415ce159d3b4b48','1','0','2019-11-11 23:40:36','2019-11-11 23:40:36','4c52cf5f5746e8c0c225175e2e00a785','2019-11-08 08:11:51','【湖南省长沙市望城县公司】 派件中 派件人: 侯灶勇 电话 17872173637 如有疑问，请联系：0731-88558800'),
('01ee323634117a31a7d45b2c05515086','1','0','2019-09-24 15:45:04','2019-09-24 15:45:04','d81b7ca0a9db9ee74b839dd813d303c5','2019-09-16 21:36:28','已到达-湖南长沙转运中心'),
('0310b94d5f74630e8d34259e051030a9','1','0','2019-09-24 15:45:04','2019-09-24 15:45:04','d81b7ca0a9db9ee74b839dd813d303c5','2019-09-15 19:15:11','重庆两路公司-永盛(13996306988)-已收件'),
('038adf212ecd260565ae12abee805e3b','1','0','2019-11-12 13:17:04','2019-11-12 13:17:04','9749a895fa5765146d5dfb455bb182b7','2019-11-11 01:24:55','[泉州康美托管仓]您的订单已审核'),
('058909daec262f6a1ee83b4b2ca385be','1','0','2019-09-23 20:30:59','2019-09-23 20:30:59','c53a5c416dc7ffb5937fc0ceda58e4bb','2019-09-22 18:18:12','湖南望城公司-已发往-湖南长沙转运中心'),
('077b12fc48ff023fb53cea23220749c7','1','0','2019-11-11 23:40:36','2019-11-11 23:40:36','4c52cf5f5746e8c0c225175e2e00a785','2019-11-06 21:19:20','【广东省东莞市寮步公司】 已打包'),
('0831a86089626251b7ead0d906898214','1','0','2019-11-12 13:17:04','2019-11-12 13:17:04','9749a895fa5765146d5dfb455bb182b7','2019-11-12 05:27:55','快件到达 【泉州晋江航空站点】'),
('0cd37b1425ffe516a9f3a63a19beadde','1','0','2019-09-23 20:30:59','2019-09-23 20:30:59','c53a5c416dc7ffb5937fc0ceda58e4bb','2019-09-23 06:19:41','湖南常德公司-已发往-湖南常德鼎城营业部'),
('0d7130792fe09b986bcceba156c0c4d8','1','0','2019-09-23 20:30:59','2019-09-23 20:30:59','c53a5c416dc7ffb5937fc0ceda58e4bb','2019-09-23 16:39:12','已签收,签收人是（冯斌代签）先生/女士，风里来，雨里去，汗也撒泪也流，申通小哥一刻不停留。不求服务惊天下，但求好评动我心，给个好评呗！！如有疑问请联系派件员梁文卓(18307362848)，感谢使用申通快递，期待再次为您服务'),
('12478aba7cd7f2cc6a7cc47aea26fb40','1','0','2019-09-24 15:45:04','2019-09-24 15:45:04','d81b7ca0a9db9ee74b839dd813d303c5','2019-09-16 01:34:17','已到达-重庆转运中心'),
('188da3b98bd080988c7bb7419e261650','1','0','2019-09-22 18:22:37','2019-09-22 18:22:37','f10ecbf99adc7f192d928c301df23603','2019-09-21 20:21:14','已到达-湖南长沙转运中心'),
('199ffbb2d057b7c26dcc63b93babb3c2','1','0','2019-09-23 20:30:59','2019-09-23 20:30:59','c53a5c416dc7ffb5937fc0ceda58e4bb','2019-09-23 04:45:02','快件已在【湖南常德转运中心】进行卸车，扫描员【徐亮】'),
('1d9eccc3d2a550ccae42a04caae164d7','1','0','2019-10-11 18:07:29','2019-10-11 18:07:29','6e93fe489f78018b48c02f861d5d348d','2019-10-10 03:00:34','【郑州转运中心】 已收入'),
('1deabb9ebeb46e97b1fa749bf517a5fd','1','0','2019-09-24 15:45:04','2019-09-24 15:45:04','d81b7ca0a9db9ee74b839dd813d303c5','2019-09-15 19:17:40','重庆两路公司-已进行装车扫描'),
('1e1559d04e67eb1f86e4eb06d11fac28','1','0','2019-09-24 15:45:04','2019-09-24 15:45:04','d81b7ca0a9db9ee74b839dd813d303c5','2019-09-16 21:55:01','湖南长沙转运中心-已发往-湖南望城公司'),
('1eef2bac5992b82ea39d31fa5a4906b5','1','0','2019-10-11 18:07:29','2019-10-11 18:07:29','6e93fe489f78018b48c02f861d5d348d','2019-10-09 18:00:12','【河南省郑州市中牟县公司】 已收件'),
('21614c74e93e23adfe4c000074f2f21c','1','0','2019-11-12 13:17:04','2019-11-12 13:17:04','9749a895fa5765146d5dfb455bb182b7','2019-11-12 06:21:38','快件在【泉州晋江航空站点】已装车,准备发往下一站'),
('2450f32bd86ee7924d3110adbac2dd57','1','0','2019-10-11 18:07:29','2019-10-11 18:07:29','6e93fe489f78018b48c02f861d5d348d','2019-10-10 19:54:16','【长沙转运中心】 已发出 下一站 【湖南省长沙市望城县公司】'),
('24a9814706e54007a08d2fa2ce33f2c3','1','0','2019-09-24 15:45:04','2019-09-24 15:45:04','d81b7ca0a9db9ee74b839dd813d303c5','2019-09-15 19:17:40','重庆两路公司-已发往-重庆转运中心'),
('24aa4638adda74521b62acd43d4271a9','1','0','2019-09-24 15:45:04','2019-09-24 15:45:04','d81b7ca0a9db9ee74b839dd813d303c5','2019-09-17 05:47:23','已到达-湖南望城公司'),
('2571add7eded6f8f6d790d23f88446b7','1','0','2019-11-12 10:05:10','2019-11-12 10:05:10','088a5f037fc9603b7888b3fc4f6efd63','2019-10-21 12:37:00','您的快件已暂存至长沙明发国际城2栋1单元店菜鸟驿站，请凭取货码及时领取。如有疑问请联系13924992690'),
('297336ec331016befe503958a503c59e','1','0','2019-11-12 13:17:04','2019-11-12 13:17:04','9749a895fa5765146d5dfb455bb182b7','2019-11-12 08:40:00','[泉州晋江航空站点]快件在【泉州飞往长沙航班上】已起飞'),
('2c3e5a2d643394ebf67d797e636878bf','1','0','2019-10-11 18:07:29','2019-10-11 18:07:29','6e93fe489f78018b48c02f861d5d348d','2019-10-11 08:57:40','【湖南省长沙市望城县公司】 派件人: 侯灶勇 派件中 派件员电话17872173637'),
('2d5663159a5b90381d989815d6b3c662','1','0','2019-11-12 10:05:10','2019-11-12 10:05:10','088a5f037fc9603b7888b3fc4f6efd63','2019-10-19 20:40:31','到汕头市【汕头转运中心】'),
('358cfa34d6dca619ddec1de24117de71','1','0','2019-09-22 18:22:37','2019-09-22 18:22:37','f10ecbf99adc7f192d928c301df23603','2019-09-21 03:01:28','广东佛山转运中心-已装袋发往-湖南长沙转运中心'),
('35a4f2072e578716e87170f2bdc73ca6','1','0','2019-11-12 10:05:10','2019-11-12 10:05:10','088a5f037fc9603b7888b3fc4f6efd63','2019-10-19 20:42:33','汕头市【汕头转运中心】，正发往【长沙转运中心】'),
('35a5c0405e922b557c199fc6e8f4f258','1','0','2019-11-12 10:05:10','2019-11-12 10:05:10','088a5f037fc9603b7888b3fc4f6efd63','2019-10-20 17:42:26','长沙市【长沙转运中心】，正发往【望城】'),
('3cf45a3fd28d2ccca8a18f769d97d7cd','1','0','2019-11-12 13:17:04','2019-11-12 13:17:04','9749a895fa5765146d5dfb455bb182b7','2019-11-11 15:23:36','快件在【康美项目营业点】已装车,准备发往下一站'),
('3de16c37501cfd55b57651f6be1356d0','1','0','2019-11-12 10:05:10','2019-11-12 10:05:10','088a5f037fc9603b7888b3fc4f6efd63','2019-10-19 14:11:43','等待揽收中'),
('3fbe1630cff5acc95af35f522c78ba96','1','0','2019-09-23 20:30:59','2019-09-23 20:30:59','c53a5c416dc7ffb5937fc0ceda58e4bb','2019-09-22 22:09:43','已到达-湖南长沙转运中心'),
('454c7be9664a93d450f9d251a216ec13','1','0','2019-11-12 10:05:10','2019-11-12 10:05:10','088a5f037fc9603b7888b3fc4f6efd63','2019-10-19 09:28:06','商品已经下单'),
('496ae8e9b71c3256632b81ee35bd1747','1','0','2019-11-12 13:17:04','2019-11-12 13:17:04','9749a895fa5765146d5dfb455bb182b7','2019-11-11 14:13:01','[泉州康美托管仓]您的订单己出库'),
('49a5a88902b92d5b12e694bbb337504a','1','0','2019-11-12 13:17:04','2019-11-12 13:17:04','9749a895fa5765146d5dfb455bb182b7','2019-11-11 09:13:30','[泉州康美托管仓]您的订单正准备拣货'),
('4c284e500edff8ff3d23122cb93e88ac','1','0','2019-09-22 18:22:37','2019-09-22 18:22:37','f10ecbf99adc7f192d928c301df23603','2019-09-21 00:54:18','广东佛山公司--已收件'),
('4d02b07269fa6a8606aad72a9523dcf5','1','0','2019-09-24 15:45:04','2019-09-24 15:45:04','d81b7ca0a9db9ee74b839dd813d303c5','2019-09-18 22:48:37','已签收,签收人是（073189530393代签）先生/女士，风里来，雨里去，汗也撒泪也流，申通小哥一刻不停留。不求服务惊天下，但求好评动我心，给个好评呗！！如有疑问请联系派件员湖南望城(15111474320,0731-89520939)，感谢使用申通快递，期待再次为您服务'),
('514b1ec01239e96eccb11c98b42dc5cb','1','0','2019-11-11 23:40:36','2019-11-11 23:40:36','4c52cf5f5746e8c0c225175e2e00a785','2019-11-07 16:12:15','【长沙转运中心】 已发出 下一站 【湖南省长沙市望城县】'),
('568a55979ce3266637d2cf6c076e8af7','1','0','2019-11-12 10:05:10','2019-11-12 10:05:10','088a5f037fc9603b7888b3fc4f6efd63','2019-10-21 03:21:45','到长沙市【望城】'),
('596f650f344decb60140c84c58446eb4','1','0','2019-09-23 20:30:59','2019-09-23 20:30:59','c53a5c416dc7ffb5937fc0ceda58e4bb','2019-09-22 18:18:12','湖南望城公司-已进行装车扫描'),
('5a4ae933bf222ec6f7b1d28907598ec6','1','0','2019-09-23 20:30:59','2019-09-23 20:30:59','c53a5c416dc7ffb5937fc0ceda58e4bb','2019-09-22 22:11:01','湖南长沙转运中心-已进行装车扫描'),
('5be666d6383c02c3c2eefc4de5605234','1','0','2019-11-11 23:40:36','2019-11-11 23:40:36','4c52cf5f5746e8c0c225175e2e00a785','2019-11-07 00:53:06','【虎门转运中心】 已发出 下一站 【长沙转运中心】'),
('607a44d5d5f10b39d804db1e948c19d4','1','0','2019-10-11 18:07:29','2019-10-11 18:07:29','6e93fe489f78018b48c02f861d5d348d','2019-10-11 06:38:56','【湖南省长沙市望城县公司】 已收入'),
('60949b099f77e12e400e9f5bc9a3921b','1','0','2019-10-11 18:07:29','2019-10-11 18:07:29','6e93fe489f78018b48c02f861d5d348d','2019-10-10 19:48:24','【长沙转运中心】 已收入'),
('62ad48d730da891ba8606895dcc1cebf','1','0','2019-09-23 20:30:59','2019-09-23 20:30:59','c53a5c416dc7ffb5937fc0ceda58e4bb','2019-09-22 22:11:01','湖南长沙转运中心-已发往-湖南常德转运中心'),
('6365a9a0563d30892f1b7641834b4b64','1','0','2019-09-24 15:45:04','2019-09-24 15:45:04','d81b7ca0a9db9ee74b839dd813d303c5','2019-09-18 22:42:47','湖南望城公司-湖南望城(15111474320,0731-89520939)-派件中'),
('671eb7f0e05b532d68916e9cec1bf3cb','1','0','2019-10-11 18:07:29','2019-10-11 18:07:29','6e93fe489f78018b48c02f861d5d348d','2019-10-10 03:04:57','【郑州转运中心】 已发出 下一站 【长沙转运中心】'),
('74d7408f489a856edad22efc7b54eda2','1','0','2019-09-22 18:22:37','2019-09-22 18:22:37','f10ecbf99adc7f192d928c301df23603','2019-09-21 02:13:26','广东佛山转运中心-已进行装袋扫描'),
('78176c2596fb38d179c84c520f79a7e0','1','0','2019-11-12 10:05:10','2019-11-12 10:05:10','088a5f037fc9603b7888b3fc4f6efd63','2019-10-21 17:46:57','您已在长沙明发国际城2栋1单元店完成取件，感谢使用菜鸟驿站，期待再次为您服务。'),
('7dad34842672e4396511bb37fda432ff','1','0','2019-09-23 20:30:59','2019-09-23 20:30:59','c53a5c416dc7ffb5937fc0ceda58e4bb','2019-09-23 04:46:36','湖南常德转运中心-已发往-湖南常德公司'),
('80366d8c21188957dd7253bdffd3e251','1','0','2019-09-22 18:22:37','2019-09-22 18:22:37','f10ecbf99adc7f192d928c301df23603','2019-09-22 13:38:00','已签收,签收人是（时代倾城二期十四栋快递之家代收，电话16607499909）先生/女士，风里来，雨里去，汗也撒泪也流，申通小哥一刻不停留。不求服务惊天下，但求好评动我心，给个好评呗！！如有疑问请联系派件员时代倾城二三期(16607499427)，感谢使用申通快递，期待再次为您服务'),
('8041b5637aae05715f24916c539c7726','1','0','2019-11-12 13:17:04','2019-11-12 13:17:04','9749a895fa5765146d5dfb455bb182b7','2019-11-11 17:23:49','[康美项目营业点]快件已发车'),
('8073aa5b1548704ceb4b4205f2bf7829','1','0','2019-09-24 15:45:04','2019-09-24 15:45:04','d81b7ca0a9db9ee74b839dd813d303c5','2019-09-16 01:37:42','重庆转运中心-已发往-湖南长沙转运中心'),
('83b3d1d110933c1d0349b5bc7bdc015e','1','0','2019-10-11 18:07:29','2019-10-11 18:07:29','6e93fe489f78018b48c02f861d5d348d','2019-10-10 19:53:53','【长沙转运中心】 已收入'),
('8b9de4325501481d0f3b61d98ca32d74','1','0','2019-11-11 23:40:36','2019-11-11 23:40:36','4c52cf5f5746e8c0c225175e2e00a785','2019-11-07 00:48:49','【虎门转运中心公司】 已收入'),
('8fc4f308e76a6e981c3ad4cd54904b20','1','0','2019-10-11 18:07:29','2019-10-11 18:07:29','6e93fe489f78018b48c02f861d5d348d','2019-10-09 22:51:45','【河南省郑州市中牟县】 已发出 下一站 【郑州转运中心】'),
('90c32fd1eea762328a7d9e734b290e91','1','0','2019-11-11 23:40:36','2019-11-11 23:40:36','4c52cf5f5746e8c0c225175e2e00a785','2019-11-07 16:07:59','【长沙转运中心公司】 已收入'),
('931ec3e8e1999c9011bc0591672ea929','1','0','2019-11-12 10:05:10','2019-11-12 10:05:10','088a5f037fc9603b7888b3fc4f6efd63','2019-10-20 17:15:59','到长沙市【长沙转运中心】'),
('95784cf4d4585f67016ec52ce5eefd57','1','0','2019-11-12 10:05:10','2019-11-12 10:05:10','088a5f037fc9603b7888b3fc4f6efd63','2019-10-21 06:53:38','长沙市【望城】，【侯灶勇】正在派件'),
('95bd4cc11db34ef531cb4ce00255e10d','1','0','2019-11-12 13:17:04','2019-11-12 13:17:04','9749a895fa5765146d5dfb455bb182b7','2019-11-12 04:35:50','[泉州磁灶中转场]快件在【泉州磁灶集散中心】已装车,准备发往 【泉州晋江航空站点】'),
('98dc31fea1b512ff032dccc95631dd81','1','0','2019-09-22 18:22:37','2019-09-22 18:22:37','f10ecbf99adc7f192d928c301df23603','2019-09-21 02:13:26','广东佛山转运中心-已发往-湖南长沙转运中心'),
('9d78ecd844db3695db73817ce8e364a6','1','0','2019-11-12 13:17:04','2019-11-12 13:17:04','9749a895fa5765146d5dfb455bb182b7','2019-11-12 09:49:00','[长沙星沙中转场]快件到达【长沙】，准备发往【长沙星沙集散中心】'),
('a2d80b2a2850fea5c2bb3b2334014566','1','0','2019-11-11 23:40:36','2019-11-11 23:40:36','4c52cf5f5746e8c0c225175e2e00a785','2019-11-08 11:15:00','快件已暂存至长沙明发国际城2栋1单元店菜鸟驿站，如有疑问请联系13924992690'),
('a613ce95da5756de8ad71acf734f00e9','1','0','2019-11-12 13:17:04','2019-11-12 13:17:04','9749a895fa5765146d5dfb455bb182b7','2019-11-12 11:10:36','[长沙星沙中转场]快件到达 【长沙星沙集散中心】'),
('a63086d5cb828ed94b2a6f3f0688d6aa','1','0','2019-11-11 23:40:36','2019-11-11 23:40:36','4c52cf5f5746e8c0c225175e2e00a785','2019-11-08 16:56:41','客户签收人: 已签收，签收人凭取货码签收。 已签收 感谢使用圆通速递，期待再次为您服务 如有疑问请联系：17872173637，投诉电话：0731-88558800'),
('a707c7f971cea21fcec028eb678df0da','1','0','2019-11-11 23:40:36','2019-11-11 23:40:36','4c52cf5f5746e8c0c225175e2e00a785','2019-11-06 20:42:14','【广东省东莞市寮步公司】 已收件 取件人: 吉红梅 (18329150819)'),
('aa2eaf8e55dfcabd0bf3f90c33b8e39f','1','0','2019-11-12 13:17:04','2019-11-12 13:17:04','9749a895fa5765146d5dfb455bb182b7','2019-11-11 15:23:26','[康美项目营业点]顺丰速运 已收取快件'),
('ac32a5695e1310f6523ed6900905299b','1','0','2019-11-11 23:40:36','2019-11-11 23:40:36','4c52cf5f5746e8c0c225175e2e00a785','2019-11-06 21:31:11','【广东省东莞市寮步】 已发出 下一站 【虎门转运中心】'),
('ae9c1caad784b3216de0555c44df74ff','1','0','2019-09-23 20:30:59','2019-09-23 20:30:59','c53a5c416dc7ffb5937fc0ceda58e4bb','2019-09-23 04:45:02','已到达-湖南常德转运中心'),
('aeb742b0854d2b7081beb61010fcff96','1','0','2019-09-22 18:22:37','2019-09-22 18:22:37','f10ecbf99adc7f192d928c301df23603','2019-09-22 00:58:11','湖南长沙转运中心-已发往-湖南望城公司'),
('af2da175aaf37c532533dfc2df6329fd','1','0','2019-10-11 18:07:29','2019-10-11 18:07:29','6e93fe489f78018b48c02f861d5d348d','2019-10-09 21:27:42','【河南省郑州市中牟县公司】 已打包'),
('bcdde268b1360fc8f008c8003627de52','1','0','2019-11-12 13:17:04','2019-11-12 13:17:04','9749a895fa5765146d5dfb455bb182b7','2019-11-11 14:10:36','[泉州康美托管仓]您的订单已经打包完毕,准备出库.'),
('bda71494ee5219d9ac6d1c406608d8d7','1','0','2019-11-12 10:05:10','2019-11-12 10:05:10','088a5f037fc9603b7888b3fc4f6efd63','2019-10-19 16:55:06','【潮州潮安彩塘分部】揽收成功'),
('be2f93d68b037fb084789341d882be8b','1','0','2019-11-12 13:17:04','2019-11-12 13:17:04','9749a895fa5765146d5dfb455bb182b7','2019-11-11 21:38:50','[泉州磁灶中转场]快件到达 【泉州磁灶集散中心】'),
('bee0d8e7b87f6fe2fa9f912d446bf919','1','0','2019-09-23 20:30:59','2019-09-23 20:30:59','c53a5c416dc7ffb5937fc0ceda58e4bb','2019-09-22 21:53:40','已到达-湖南长沙转运中心'),
('bf5df30cfadbc0fa9d81a094f5ce931e','1','0','2019-09-23 20:30:59','2019-09-23 20:30:59','c53a5c416dc7ffb5937fc0ceda58e4bb','2019-09-23 12:55:24','已到达-湖南常德鼎城营业部'),
('bfdae63c43152f38acbc347c2cf8c8bb','1','0','2019-09-22 18:22:37','2019-09-22 18:22:37','f10ecbf99adc7f192d928c301df23603','2019-09-22 08:12:17','湖南望城公司-时代倾城二三期(16607499427)-派件中'),
('c9b5740c518c3212b12f7b77eec2a8e3','1','0','2019-09-23 20:30:59','2019-09-23 20:30:59','c53a5c416dc7ffb5937fc0ceda58e4bb','2019-09-23 15:20:37','湖南常德鼎城营业部-梁文卓(18307362848)-派件中'),
('c9c569e656651abd3e7326082e7efb24','1','0','2019-09-24 15:45:04','2019-09-24 15:45:04','d81b7ca0a9db9ee74b839dd813d303c5','2019-09-16 01:37:42','重庆转运中心-已进行装车扫描'),
('d4b61a9ed1cfa497498b7001bc05a39a','1','0','2019-10-11 18:07:29','2019-10-11 18:07:29','6e93fe489f78018b48c02f861d5d348d','2019-10-09 18:00:12','【河南省郑州市中牟县公司】 取件人: 王智慧 已收件'),
('dcf96000b5d4896a10a7b01a442e8826','1','0','2019-10-11 18:07:29','2019-10-11 18:07:29','6e93fe489f78018b48c02f861d5d348d','2019-10-11 14:28:44','快件已暂存至长沙明发国际城2栋1单元店菜鸟驿站，如有疑问请联系13924992690'),
('dfbf792bbad12c758ec0c1d78dc7535e','1','0','2019-10-11 18:07:29','2019-10-11 18:07:29','6e93fe489f78018b48c02f861d5d348d','2019-10-11 16:41:48','客户 签收人: 已签收，签收人凭取货码签收。 已签收 感谢使用圆通速递，期待再次为您服务'),
('dff6a5c69b954799803e1ea1cada7e96','1','0','2019-09-24 15:45:04','2019-09-24 15:45:04','d81b7ca0a9db9ee74b839dd813d303c5','2019-09-17 22:18:53','派送不成功-原因：送无人,电话联系明日送'),
('e0e9bf99cdc5de2e06142534431d9708','1','0','2019-09-22 18:22:37','2019-09-22 18:22:37','f10ecbf99adc7f192d928c301df23603','2019-09-21 01:57:07','已到达-广东佛山转运中心'),
('e85f44303925ff3b362ed238f5d37ae7','1','0','2019-09-22 18:22:37','2019-09-22 18:22:37','f10ecbf99adc7f192d928c301df23603','2019-09-21 20:21:14','快件已在【湖南长沙转运中心】进行卸车，扫描员【进港五面扫6号】'),
('ea0ea62457703ecaeaacfd851a823150','1','0','2019-09-23 20:30:59','2019-09-23 20:30:59','c53a5c416dc7ffb5937fc0ceda58e4bb','2019-09-22 18:18:15','湖南望城公司-五十三区玫瑰园(16607499909,0731-89520939)-已收件'),
('ec431abe8436ef6b78c1677c9fc55bb8','1','0','2019-09-22 18:22:37','2019-09-22 18:22:37','f10ecbf99adc7f192d928c301df23603','2019-09-22 07:57:31','已到达-湖南望城公司'),
('ef8b95c928f1a36d14a293f00fb3f8ab','1','0','2019-11-12 13:17:04','2019-11-12 13:17:04','9749a895fa5765146d5dfb455bb182b7','2019-11-12 05:01:48','[泉州磁灶中转场]快件已发车'),
('f8732fde5db654be0e51848586c7acd8','1','0','2019-09-22 18:22:37','2019-09-22 18:22:37','f10ecbf99adc7f192d928c301df23603','2019-09-21 03:01:28','广东佛山转运中心-已进行装车扫描'),
('f8de47d86d5903b77950b31a263f5869','1','0','2019-09-22 18:22:37','2019-09-22 18:22:37','f10ecbf99adc7f192d928c301df23603','2019-09-20 17:57:20','广东佛山狮山分部-穆园075788721566(17689328751,0757-88048657)-已收件'),
('fce34c0d0e695ccaab9d1bced6140671','1','0','2019-09-24 15:45:04','2019-09-24 15:45:04','d81b7ca0a9db9ee74b839dd813d303c5','2019-09-18 22:45:30','派送不成功-原因：送无人,电话联系明日送');

/*Table structure for table `order_refunds` */

DROP TABLE IF EXISTS `order_refunds`;

CREATE TABLE `order_refunds` (
  `id` varchar(32) CHARACTER SET utf8mb4 COLLATE utf8mb4_0900_ai_ci NOT NULL COMMENT 'PK',
  `tenant_id` varchar(32) CHARACTER SET utf8mb4 COLLATE utf8mb4_0900_ai_ci NOT NULL COMMENT '所属租户',
  `del_flag` char(2) CHARACTER SET utf8mb4 COLLATE utf8mb4_0900_ai_ci NOT NULL DEFAULT '0' COMMENT '逻辑删除标记（0：显示；1：隐藏）',
  `create_time` datetime NOT NULL DEFAULT CURRENT_TIMESTAMP COMMENT '创建时间',
  `update_time` timestamp NOT NULL DEFAULT CURRENT_TIMESTAMP ON UPDATE CURRENT_TIMESTAMP COMMENT '最后更新时间',
  `create_id` varchar(32) CHARACTER SET utf8 COLLATE utf8_general_ci DEFAULT NULL COMMENT '创建者ID',
  `order_id` varchar(32) CHARACTER SET utf8mb4 COLLATE utf8mb4_0900_ai_ci NOT NULL COMMENT '订单ID',
  `order_item_id` varchar(32) DEFAULT NULL COMMENT '订单详情ID',
  `status` char(6) CHARACTER SET utf8mb4 COLLATE utf8mb4_0900_ai_ci DEFAULT NULL COMMENT '退款状态0：撤销退换申请；1：退款申请中；11、同意退款；12、拒绝退款；2：退货退款申请中；21：同意退货退款/退货中；22：拒绝退货退款；211：收到退货同意退款；212：收到退货拒绝退款',
  `refund_amount` decimal(10,2) NOT NULL COMMENT '退款金额',
  `refund_trade_no` varchar(64) CHARACTER SET utf8mb4 COLLATE utf8mb4_0900_ai_ci DEFAULT NULL COMMENT '退款流水号',
  `refund_reson` varchar(200) CHARACTER SET utf8mb4 COLLATE utf8mb4_0900_ai_ci DEFAULT NULL COMMENT '退款原因',
  `refuse_refund_reson` varchar(200) CHARACTER SET utf8mb4 COLLATE utf8mb4_0900_ai_ci DEFAULT NULL COMMENT '拒绝退款原因',
  PRIMARY KEY (`id`) USING BTREE,
  KEY `ids_tenant_id` (`tenant_id`) USING BTREE,
  KEY `ids_order_id` (`tenant_id`,`order_id`,`order_item_id`)
) ENGINE=InnoDB DEFAULT CHARSET=utf8mb4 COLLATE=utf8mb4_0900_ai_ci ROW_FORMAT=DYNAMIC COMMENT='订单退款记录表';

/*Data for the table `order_refunds` */

insert  into `order_refunds`(`id`,`tenant_id`,`del_flag`,`create_time`,`update_time`,`create_id`,`order_id`,`order_item_id`,`status`,`refund_amount`,`refund_trade_no`,`refund_reson`,`refuse_refund_reson`) values 
('0e6345ff6d74a7d31babe848f9f5c518','1','0','2019-11-15 16:47:37','2019-11-18 18:57:49',NULL,'fbbd2e59843b9b8d0ccd50d19c76aa13','f8eaf89ff5b5040b64fc3875036dfdfd','11',0.01,'50300002412019111813280901976','大本营 仍 伤脑筋 人',NULL),
('2f8ac35397b1cd35dae0bf1ffb2cccdf','1','0','2019-11-19 11:51:29','2019-11-19 11:52:44',NULL,'440c0344e18fa7634686b8d39f4e239b','734337bb2ff5a3e67fc887eeee1e1a6a','11',0.01,NULL,'按摩按摩',NULL),
('37a5b086075194b9cb0a0bfd9d8ff555','1','0','2019-11-19 11:53:37','2019-11-19 11:53:58',NULL,'440c0344e18fa7634686b8d39f4e239b','f27f7f3c68a7bb619be425e6cc8c843c','211',0.01,NULL,'控窑的他们都',NULL),
('3e0d5c4a8ec32de62137d29304124a19','1','0','2019-11-19 10:49:48','2019-11-19 10:50:29',NULL,'1a35de6cfe2c67a5043a636030be8d4d','584a680a26d125f80c2438c2546a4728','12',0.10,NULL,'sgsdgestwt','不奶亚克西仍徐鹏和'),
('43be93afcf8fa7498c970c6687104afa','1','0','2019-11-19 10:36:22','2019-11-19 10:41:12',NULL,'ec813fc104cb34f09745f2f471dd864a','20a5f680ee484caecfb50d4e13a9cdcc','211',0.01,NULL,'asfasfqwr',NULL),
('6203b4eff61f52b8d08559143987bf47','1','0','2019-11-17 16:31:27','2019-11-18 15:40:39',NULL,'9c00fa0679b50c496c050d1ae7512c4a','037e287bc0c54f141760efb9aaac172f','21',0.01,NULL,'微信支付宝账号',NULL),
('62e25f7363d72ff6b12bc796dbd5034b','1','0','2019-11-19 12:06:51','2019-11-19 16:49:38',NULL,'b2540f32b7c4ece122adbccaaf713d2c','80c0887eb5a42898b9e94cea1f380958','11',0.01,NULL,'55555',NULL),
('6730d705a2e0fd3eacfc6fb115d784e5','1','0','2019-11-15 16:46:24','2019-11-18 17:33:10',NULL,'14144c785656ca143fb21c413570cf44','6666f2868b8c922a6aa8ac408646fc24','11',0.01,'50300002552019111813231618804','sdg伤脑筋仍欠',NULL),
('76b75e379712b3666d71171efc5489e4','1','0','2019-11-15 17:03:20','2019-11-15 17:03:20',NULL,'83775cbec35630784ef07d0835f15b12','98399e0d803e0af29a3d90659c3f7436','1',0.01,NULL,'ey的遥有人有遥',NULL),
('7ebb4efd2be094a4e6eac88b4fc3d4a0','1','0','2019-11-15 11:58:19','2019-11-18 15:45:51',NULL,'19ad9bf03dbd5f99dae47e8da1bda3ac','0269446f75374c7d8b7f66a487d814fa','11',0.01,NULL,'346eyey',NULL),
('98ef7a4d12f634e9fb31e7f44f2055c1','1','0','2019-11-17 16:25:44','2019-11-17 16:25:44',NULL,'9fb19729e87dadb0daa45ee629109fc5','2a379b3bd2beda774d9f507950fdf35a','2',0.01,NULL,'䏌w你用w你答禾3人我作q我',NULL),
('98f06a11debd126ad5ac5bca64b855ed','1','0','2019-11-19 11:37:58','2019-11-19 11:40:04',NULL,'4b9a47cd30e1c5f17d1e53f2d7b1ba33','e5c920ae21c2a4c785ffd4d7aa238b18','11',0.10,NULL,'346436reyey',NULL),
('99fda35636fa4bd4887e9daecfae09b6','1','0','2019-11-15 13:59:08','2019-11-18 15:56:05',NULL,'9da85ae06bd72bc02d7287b08ae15f14','1ee6b0e818223ba91bd5c09184ac6777','11',0.01,NULL,'换地方 夺和人 有',NULL),
('b4a04c6d5c7fd8a23f28ccd3c375ca49','1','0','2019-11-19 11:48:30','2019-11-19 11:49:02',NULL,'aeecab1f6989d5286bad2347cc0cf586','733002b3b538879a67c0af195631da7d','211',0.10,NULL,'safsdgetwt',NULL),
('bb05df24e498c6c6999b2d9f58a0d287','1','0','2019-11-19 11:05:18','2019-11-19 11:05:55',NULL,'18ab28b4b5fde38271dbc129815892fe','ecab0d3f8311d4e3d02d235616114ecf','11',0.01,NULL,'噢噢噢哦哦',NULL),
('c0832cc2f15b327040631effd7e09290','1','0','2019-11-15 16:39:56','2019-11-18 15:58:11',NULL,'9da85ae06bd72bc02d7287b08ae15f14','f6f291e26d443d611994d8f58ee3e659','11',0.01,NULL,'sgagwqt',NULL);

/*Table structure for table `shopping_cart` */

DROP TABLE IF EXISTS `shopping_cart`;

CREATE TABLE `shopping_cart` (
  `id` varchar(32) CHARACTER SET utf8mb4 COLLATE utf8mb4_0900_ai_ci NOT NULL COMMENT 'PK',
  `tenant_id` varchar(32) CHARACTER SET utf8mb4 COLLATE utf8mb4_0900_ai_ci NOT NULL COMMENT '所属租户',
  `del_flag` char(2) CHARACTER SET utf8mb4 COLLATE utf8mb4_0900_ai_ci NOT NULL DEFAULT '0' COMMENT '逻辑删除标记（0：显示；1：隐藏）',
  `create_time` datetime NOT NULL DEFAULT CURRENT_TIMESTAMP COMMENT '创建时间',
  `update_time` timestamp NOT NULL DEFAULT CURRENT_TIMESTAMP ON UPDATE CURRENT_TIMESTAMP COMMENT '最后更新时间',
  `user_id` varchar(32) CHARACTER SET utf8mb4 COLLATE utf8mb4_0900_ai_ci NOT NULL COMMENT '用户编号',
  `spu_id` varchar(32) CHARACTER SET utf8mb4 COLLATE utf8mb4_0900_ai_ci NOT NULL COMMENT '商品SPU',
  `sku_id` varchar(32) CHARACTER SET utf8mb4 COLLATE utf8mb4_0900_ai_ci NOT NULL COMMENT '商品SKU',
  `quantity` int(11) NOT NULL COMMENT '数量',
  `spu_name` varchar(200) CHARACTER SET utf8mb4 COLLATE utf8mb4_0900_ai_ci DEFAULT NULL COMMENT '加入时的spu名字',
  `add_price` decimal(10,2) DEFAULT NULL COMMENT '加入时价格',
  `spec_info` varchar(200) CHARACTER SET utf8mb4 COLLATE utf8mb4_0900_ai_ci DEFAULT NULL COMMENT '加入时的规格信息',
  `pic_url` varchar(500) CHARACTER SET utf8mb4 COLLATE utf8mb4_0900_ai_ci DEFAULT NULL COMMENT '图片',
  PRIMARY KEY (`id`) USING BTREE,
  KEY `ids_tenant_id` (`tenant_id`) USING BTREE
) ENGINE=InnoDB DEFAULT CHARSET=utf8mb4 COLLATE=utf8mb4_0900_ai_ci ROW_FORMAT=DYNAMIC COMMENT='购物车';

/*Data for the table `shopping_cart` */

insert  into `shopping_cart`(`id`,`tenant_id`,`del_flag`,`create_time`,`update_time`,`user_id`,`spu_id`,`sku_id`,`quantity`,`spu_name`,`add_price`,`spec_info`,`pic_url`) values 
('0861335a422ccc3fe3513f5346a26491','1','0','2019-11-17 16:32:48','2019-11-17 16:33:16','db2355c836d46016e7b2eb41146291ee','2835671ff031c18cb181b1a199f86b01','954060498a28ba885c504d9e9234a009',1,'小米9 4800万超广角三摄 6GB+128GB全息幻彩蓝 骁龙855 全网通4G 双卡双待 水滴全面屏拍照智能游戏手机',2600.00,'64G;红色;移动','http://joolun-base-test.oss-cn-zhangjiakou.aliyuncs.com/7667c3f40823764d.jpg'),
('10373e45f138ec1da773bc1be3c911bb','1','0','2019-11-17 16:32:52','2019-11-17 16:32:52','db2355c836d46016e7b2eb41146291ee','2835671ff031c18cb181b1a199f86b01','5a61a7876305b760efa8abe04b912a8b',1,'小米9 4800万超广角三摄 6GB+128GB全息幻彩蓝 骁龙855 全网通4G 双卡双待 水滴全面屏拍照智能游戏手机',2700.00,'64G;白色;移动','http://joolun-base-test.oss-cn-zhangjiakou.aliyuncs.com/7667c3f40823764d.jpg'),
('2f366518ea60cfa3d82bdec65d5100b5','1','0','2019-09-26 17:49:44','2019-09-26 17:49:44','28b2540d9df9e078cd50548c1daae44f','ff39bc8f64b1d9b524b28c6000af8191','55a7d46eb9893cab480c70378d4dcefa',1,'海信 BCD-220D/Q电冰箱家用三开门冷藏冷冻节能静音小型租房宿舍',0.10,'','http://joolun-base-test.oss-cn-zhangjiakou.aliyuncs.com/21.jpg'),
('98e91b9b2e3da8ba19bca7f0a6aaafa4','1','0','2019-11-17 16:32:44','2019-11-17 16:32:44','db2355c836d46016e7b2eb41146291ee','2835671ff031c18cb181b1a199f86b01','b139d9185833c938e4340e3a181b245a',1,'小米9 4800万超广角三摄 6GB+128GB全息幻彩蓝 骁龙855 全网通4G 双卡双待 水滴全面屏拍照智能游戏手机',2000.00,'32G;白色;电信','http://joolun-base-test.oss-cn-zhangjiakou.aliyuncs.com/8.jpg');

/*Table structure for table `user_address` */

DROP TABLE IF EXISTS `user_address`;

CREATE TABLE `user_address` (
  `id` varchar(32) CHARACTER SET utf8mb4 COLLATE utf8mb4_0900_ai_ci NOT NULL COMMENT 'PK',
  `tenant_id` varchar(32) CHARACTER SET utf8mb4 COLLATE utf8mb4_0900_ai_ci NOT NULL COMMENT '所属租户',
  `del_flag` char(2) CHARACTER SET utf8mb4 COLLATE utf8mb4_0900_ai_ci NOT NULL DEFAULT '0' COMMENT '逻辑删除标记（0：显示；1：隐藏）',
  `create_time` datetime NOT NULL DEFAULT CURRENT_TIMESTAMP COMMENT '创建时间',
  `update_time` timestamp NOT NULL DEFAULT CURRENT_TIMESTAMP ON UPDATE CURRENT_TIMESTAMP COMMENT '最后更新时间',
  `user_id` varchar(32) CHARACTER SET utf8mb4 COLLATE utf8mb4_0900_ai_ci NOT NULL COMMENT '用户编号',
  `user_name` varchar(50) CHARACTER SET utf8mb4 COLLATE utf8mb4_0900_ai_ci DEFAULT NULL COMMENT '收货人名字',
  `postal_code` varchar(50) CHARACTER SET utf8mb4 COLLATE utf8mb4_0900_ai_ci DEFAULT NULL COMMENT '邮编',
  `province_name` varchar(50) CHARACTER SET utf8mb4 COLLATE utf8mb4_0900_ai_ci DEFAULT NULL COMMENT '省名',
  `city_name` varchar(50) CHARACTER SET utf8mb4 COLLATE utf8mb4_0900_ai_ci DEFAULT NULL COMMENT '市名',
  `county_name` varchar(50) CHARACTER SET utf8mb4 COLLATE utf8mb4_0900_ai_ci DEFAULT NULL COMMENT '区名',
  `detail_info` varchar(50) CHARACTER SET utf8mb4 COLLATE utf8mb4_0900_ai_ci DEFAULT NULL COMMENT '详情地址',
  `tel_num` varchar(50) CHARACTER SET utf8mb4 COLLATE utf8mb4_0900_ai_ci DEFAULT NULL COMMENT '电话号码',
  `is_default` char(2) CHARACTER SET utf8mb4 COLLATE utf8mb4_0900_ai_ci DEFAULT NULL COMMENT '是否默认 1是0否',
  PRIMARY KEY (`id`) USING BTREE,
  KEY `ids_tenant_id` (`tenant_id`) USING BTREE
) ENGINE=InnoDB DEFAULT CHARSET=utf8mb4 COLLATE=utf8mb4_0900_ai_ci ROW_FORMAT=DYNAMIC COMMENT='用户地址';

/*Data for the table `user_address` */

insert  into `user_address`(`id`,`tenant_id`,`del_flag`,`create_time`,`update_time`,`user_id`,`user_name`,`postal_code`,`province_name`,`city_name`,`county_name`,`detail_info`,`tel_num`,`is_default`) values 
('1237e7b2c5c5c34476603eaeefbe2a07','1','0','2019-09-21 20:54:25','2019-09-21 21:40:52','db2355c836d46016e7b2eb41146291ee','李斌',NULL,'湖南省','长沙市','岳麓区','腾讯众创空间长沙(长沙市岳麓区)','18608419762','1'),
('5a5b870c53c1bfe95ac1e238517f9494','1','0','2019-09-21 21:24:23','2019-09-21 21:29:31','478d05c0ceb1bb61dcb4f658d7700511','我们',NULL,'湖南省','长沙市','芙蓉区','谢谢支持你的工作的工作','18499797632','1'),
('afd61362c2efa5418852a91d38b1339e','1','0','2019-09-26 23:21:24','2019-09-26 23:21:24','478d05c0ceb1bb61dcb4f658d7700511','小七',NULL,'江苏省','南京市','玄武区','有一个姑娘','15575663233',NULL);

/*Table structure for table `user_collect` */

DROP TABLE IF EXISTS `user_collect`;

CREATE TABLE `user_collect` (
  `id` varchar(32) CHARACTER SET utf8mb4 COLLATE utf8mb4_0900_ai_ci NOT NULL COMMENT 'PK',
  `tenant_id` varchar(32) CHARACTER SET utf8mb4 COLLATE utf8mb4_0900_ai_ci NOT NULL COMMENT '所属租户',
  `del_flag` char(2) CHARACTER SET utf8mb4 COLLATE utf8mb4_0900_ai_ci NOT NULL DEFAULT '0' COMMENT '逻辑删除标记（0：显示；1：隐藏）',
  `create_time` datetime NOT NULL DEFAULT CURRENT_TIMESTAMP COMMENT '创建时间',
  `update_time` timestamp NOT NULL DEFAULT CURRENT_TIMESTAMP ON UPDATE CURRENT_TIMESTAMP COMMENT '最后更新时间',
  `type` char(2) NOT NULL COMMENT '类型1、商品',
  `user_id` varchar(32) CHARACTER SET utf8mb4 COLLATE utf8mb4_0900_ai_ci NOT NULL COMMENT '用户编号',
  `relation_id` varchar(32) CHARACTER SET utf8mb4 COLLATE utf8mb4_0900_ai_ci NOT NULL COMMENT '关联ID：商品类型为商品ID',
  PRIMARY KEY (`id`) USING BTREE,
  UNIQUE KEY `uk_type_user_relation` (`type`,`user_id`,`relation_id`),
  KEY `ids_tenant_id` (`tenant_id`) USING BTREE
) ENGINE=InnoDB DEFAULT CHARSET=utf8mb4 COLLATE=utf8mb4_0900_ai_ci ROW_FORMAT=DYNAMIC COMMENT='用户收藏';

/*Data for the table `user_collect` */

insert  into `user_collect`(`id`,`tenant_id`,`del_flag`,`create_time`,`update_time`,`type`,`user_id`,`relation_id`) values 
('07274498b9863565f9e9ae1abde0783f','1','0','2019-09-27 08:50:56','2019-09-27 08:50:56','1','db2355c836d46016e7b2eb41146291ee','1b46c10d275262533b352329cc6d3af0'),
('34791cede23b53ede693a414cf4f19a7','1','0','2019-09-27 08:51:19','2019-09-27 08:51:19','1','db2355c836d46016e7b2eb41146291ee','28a43d02e7292131173fd0cc16cf3df8'),
('bd5f03f138b4de974142b77ac5ad6e70','1','0','2019-09-27 00:03:58','2019-09-27 00:03:58','1','5fe98e483b0b64ade7f26674d172fd12','2835671ff031c18cb181b1a199f86b01'),
('fa19047a26ffddc36b00d6e6fa0a37f1','1','0','2019-09-27 08:51:15','2019-09-27 08:51:15','1','db2355c836d46016e7b2eb41146291ee','2835671ff031c18cb181b1a199f86b01');

/*Table structure for table `vip_user` */

DROP TABLE IF EXISTS `vip_user`;

CREATE TABLE `vip_user` (
  `id` varchar(32) CHARACTER SET utf8mb4 COLLATE utf8mb4_0900_ai_ci NOT NULL COMMENT 'PK',
  `tenant_id` varchar(32) CHARACTER SET utf8mb4 COLLATE utf8mb4_0900_ai_ci NOT NULL COMMENT '所属租户',
  `del_flag` char(2) CHARACTER SET utf8mb4 COLLATE utf8mb4_0900_ai_ci NOT NULL DEFAULT '0' COMMENT '逻辑删除标记（0：显示；1：隐藏）',
  `create_time` datetime NOT NULL DEFAULT CURRENT_TIMESTAMP COMMENT '创建时间',
  `update_time` timestamp NOT NULL DEFAULT CURRENT_TIMESTAMP ON UPDATE CURRENT_TIMESTAMP COMMENT '最后更新时间',
  `phone` varchar(15) CHARACTER SET utf8 COLLATE utf8_general_ci NOT NULL COMMENT '手机号码',
  `app_type` char(2) NOT NULL COMMENT '来源应用类型1、小程序；2、公众号',
  `app_id` char(2) NOT NULL COMMENT '来源应用id',
  `vip_grade` smallint(6) DEFAULT NULL COMMENT '会员等级',
  `points_current` int(11) DEFAULT NULL COMMENT '当前积分',
  `points_accrued` int(11) DEFAULT NULL COMMENT '累积积分',
  `amount_accrued` decimal(10,2) DEFAULT NULL COMMENT '累积消费金额',
  `number_accrued` int(11) DEFAULT NULL COMMENT '累积消费次数',
  `nick_name` varchar(100) CHARACTER SET utf8mb4 COLLATE utf8mb4_0900_ai_ci DEFAULT NULL COMMENT '昵称',
  `sex` char(2) CHARACTER SET utf8mb4 COLLATE utf8mb4_0900_ai_ci DEFAULT NULL COMMENT '性别（1：男，2：女，0：未知）',
  `headimg_url` varbinary(1000) DEFAULT NULL COMMENT '头像',
  PRIMARY KEY (`id`,`phone`),
  KEY `ids_tenant_id` (`tenant_id`) USING BTREE
) ENGINE=InnoDB DEFAULT CHARSET=utf8mb4 COLLATE=utf8mb4_0900_ai_ci ROW_FORMAT=DYNAMIC COMMENT='vip用户';

/*Data for the table `vip_user` */

/*!40101 SET SQL_MODE=@OLD_SQL_MODE */;
/*!40014 SET FOREIGN_KEY_CHECKS=@OLD_FOREIGN_KEY_CHECKS */;
/*!40014 SET UNIQUE_CHECKS=@OLD_UNIQUE_CHECKS */;
/*!40111 SET SQL_NOTES=@OLD_SQL_NOTES */;
